date>kind:Leaders|Losers    -- http://lpaste.net/2536171990650191872
2015-05-14
Mkt_Cap:AAPL,MSFT,FB,GOOGL,GOOG|LVNTB,CSCO,VRTX,MU,QVCB
Price:GLPG,CLVS,QIWI,MOM,CTRP|FGEN,LVNTB,KITE,JACK,RCPT
Volume:ALU,NOK,QQQ,CUK,MT,SPY,AAPL,EEM,RIG,BABA
2015-05-18
Mkt_Cap:WAG,AAPL,MTU,JNJ,T|CHL,BHP,BBL,PTR,RDS.B
Price:ERN,ANN,BKW,ACHN,WAG|BTU,KITE,TOUR,VALE,BHP
Volume:T,PBR,BAC,AAPL,VALE,ASNA,BTU,ANN,PFE,AMAT
2015-05-19
Mkt_Cap:WAG,LFC,GOOG,WFC,BUD|WMT,BHP,BBL,PBR.A,PBR
Price:MOMO,TTWO,BKW,CMCM,RRGB|ICPT,URBN,LINE,MBI,PWE
Volume:BAC,PBR,YHOO,AAPL,T,VALE,AA,GE,MSFT,TWTR
2015-05-22
Mkt_Cap:LFC,CHL,PTR,AAPL,SNP|BBDO,MSFT,RDS.B,RDS.A,JNJ
Price:CTRP,YOKI,CLLS,FRO,SRPT|BBDO,JMEI,MRVL,HABT,BACK
Volume:BAC,AAPL,HPQ,PBR,T,MSFT,F,GE,ABEV,SFUN
2015-05-26
Mkt_Cap:TWC,LFC,CMCSA,TMUS,CMCSK|AAPL,NVS,GOOG,RDS.B,GOOGL
Price:MDR,SMI,UVXY,TWC,CLLS|JMEI,QUNR,TOUR,TTM,NBG
Volume:BAC,AAPL,GE,VALE,PBR,T,TWC,MSFT,INTC,FCX
2015-05-27
Mkt_Cap:AAPL,MSFT,BRCM,GOOG,GOOGL|KORS,WDAY,LFC,EC,LVNTB
Price:BRCM,NBG,CCLS,TIF,MNKD|KORS,SHAK,WDAY,OPHT,SHOP
Volume:BAC,KORS,BRCM,AAPL,ABBV,FTR,T,QQQ,INTC,PBR
2015-05-28
Mkt_Cap:ACT-A,MFG,ACT,NVS,LLY|PTR,LFC,CHL,SNP,BABA
Price:CLLS,ANF,BCOM,GLPG,JUNO|SMTC,URI,NAV-D,TEX,ZNH
Volume:BHP,QQQ,VXX,AAPL,RIG,RCL,CLLS,NBG,INTC,SPY
2015-05-29
Mkt_Cap:HUM,MRK,LLY,INTC,PFE|AAPL,BMY,GOOGL,GOOG,MSFT
Price:HUM,PRTA,GSAT,IRCP,SHAK|FRO,CLLS,GEF,SID,GEF.B
Volume:BAC,AAPL,PFE,RAD,INTC,GE,NLY,MSFT,NRF,BSX
2015-06-01
Mkt_Cap:BABA,LFC,FB,BMY,MSFT|RDS.B,PTR,INTC,RDS.A,BBL
Price:SINA,BKW,WAG,AWAY,COKE|GSAT,CZR,PBYI,VCO,IRCP
Volume:UWTI,IAU,ASHR,SPY,QQQ,AAPL,VXX,RIG,GLD,EWJ
2015-06-03
Mkt_Cap:FB,WFC,T,SNY,CHL|ACT-A,INTC,NGG,BBL,BHP
Price:SNCR,GWRE,GIII,WB,HALO|ORIG,CIG.C,BBDO,INXN,EGO
Volume:BAC,FTR,T,INTC,RF,PBR,CHK,ON,FB,AAPL
2015-06-04
Mkt_Cap:LVS,ABB,DISH,T,DD-A|AAPL,BRK.B,MSFT,VZ,WFC
Price:EHIC,JUNO,MR,FIVE,WYNN|OPK,CZR,NBG,NAV,WGP
Volume:FTR,BAC,T,AER,AAPL,VZ,INTC,GE,CHK,SPY
2015-06-05
Mkt_Cap:DEO,BUD,BAC,JPM,C|NVS,PTR,AAPL,T,WMT
Price:QIHU,KITE,EVH,YY,DEO|ERN,ES,NAV-D,CZR,BIO.B
Volume:FTR,BAC,F,T,AAPL,VALE,GE,INTC,C,CHK
2015-06-09
Mkt_Cap:LLY,PG,WFC,BAC,TD|LFC,PTR,CHL,NVS,AAPL
Price:SAGE,LULU,BCOM,PGH,CMN|IRWD,KANG,BURL,MNKD,GSH
Volume:BAC,AAPL,FTR,MU,INTC,LUV,GE,SIRI,DAL,QQQ
2015-06-10
Mkt_Cap:AAPL,MSFT,GOOGL,GOOG,NVS|MPC,CHL,TAP.A,CBS.A,REGN
Price:HCC,JOBS,RCPT,HMIN,HIMX|MPC,ESPR,SHLD,TAP.A,MNKD
Volume:EEM,ASML,SDRL,GOLD,INFY,BUD,FXI,USO,NBG,BP
2015-06-11
Mkt_Cap:CHL,LLY,LFC,GILD,AMGN|ROST,BABA,GOOGL,AAPL,GOOG
Price:AXON,KKD,TOUR,SILC,HLS|ROST,CRTO,BIO.B,MNKD,ORIG
Volume:UBS,STM,VXX,TWTR,QQQ,RIG,GOLD,USO,SPY,UN
2015-06-16
Mkt_Cap:ORCL,XOM,AAPL,NVS,ITUB|PTR,SMFG,LFC,CEO,CHL
Price:COTY,GTN.A,HQCL,NCR,ALKS|ERN,GBX,TAHO,KEN,MEI
Volume:TWTR,BAC,NBG,AAPL,T,VALE,PBR,SIRI,FTR,GE
2015-06-17
Mkt_Cap:WAG,PG,BKW,FB,SNP|TM,BAC,MTU,UNH,AAPL
Price:KYTH,BKW,TRIP,LTRPA,WAG|JUNO,TAP.A,EGN,BIO.B,GGAL
Volume:BAC,GE,AAPL,T,SIRI,VALE,SFUN,MSFT,PBR,INTC
2015-06-18
Mkt_Cap:BRK.B,GOOGL,BRK.A,MSFT,AMZN|ORCL,WFC-L,SLB,CHA,CHU
Price:UNVR,RDUS,PBF,BMRN,MACK|RATE,SQM,SHOP,AXON,JBL
Volume:BAC,ORCL,RAD,SIRI,QQQ,HLT,GE,T,SPY,AAPL
2015-06-19
Mkt_Cap:BIIB,LVNTB,CAG,LMCB,PTR|AAPL,ORCL,MSFT,BRK.B,NVS
Price:LTRPB,STRZB,LMCB,HQCL,CAG|BAK,JMEI,FNSR,KEN,BITA
Volume:BAC,MSFT,GE,AAPL,FTR,INTC,ORCL,WFC,T,SIRI
2015-06-22
Mkt_Cap:WMB,FB,AAPL,SAN,NVS|WPZ,HUM,ETE,AMBA,SPG
Price:WMB,NBG,NAV-D,FIT,ITCI|AMBA,KEN,PLCM,WPZ,PHK
Volume:WMB,BAC,NBG,AAPL,FIT,FB,GE,MU,AMBA,AA
2015-06-23
Mkt_Cap:WAG,FB,CHL,PTR,SNP|AAPL,MSFT,ORAN,PG,NVO
Price:BKW,NAV-D,WAG,NVAX,MOMO|SONC,SNR,BIO.B,HRTX,ZIOP
Volume:T,BAC,FB,BBRY,NBG,WMB,GE,AAPL,PBR,MSFT
2015-06-24
Mkt_Cap:WAG,AAPL,PTR,FB,BKW|UNH,GOOGL,MON,NVS,CHL
Price:BKW,WAG,KEN,NKTR,BOX|CIG,CIG.C,BCPC,QLYS,CEMP
Volume:BAC,AAPL,FB,F,MSFT,T,GE,WMB,ODP,NBG
2015-06-25
Mkt_Cap:WAG,AMOV,UNH,HCA,LLY|PTR,CHL,AAPL,LFC,PBR.A
Price:BKW,WAG,CYH,TRU,THC|MEI,EHIC,CREE,EPZM,ALDR
Volume:NGD,GSAT,LNG,SYRG,NG,FAX,BTG,TXMD,IMO,FSP
2015-06-26
Mkt_Cap:WAG,NKE,PBR.A,PBR,BKW|PTR,BABA,MU,INTC,AAPL
Price:MCRB,BKW,WAG,CLGX,CMCT|MU,ZTS,LMCB,YOKU,APOG
Volume:MU,AMD,ODP,BAC,INTC,MSFT,WFT,AAPL,CY,ORCL
2015-06-29
Mkt_Cap:WAG,BKW,LVNTB,QVCB,KSU-|AAPL,BRK.A,BRK.B,SAN,GOOGL
Price:LTRPB,VXX,BKW,WAG,HL-B|MCRB,MBI,NAV-D,TGNA,AGO
Volume:BAC,QQQ,MU,AAPL,SPY,F,PBR,FB,INTC,MSFT
2015-06-30
Mkt_Cap:LFC,AAPL,SNP,BABA,PTR|BBL,BHP,SNE,RDS.A,RDS.B
Price:JUNO,FIT,ALDR,TTPH,RDUS|APOL,FBP,CIG.C,LMCB,TW
Volume:BAC,AAPL,MBI,SPY,VALE,MSFT,GE,PFE,QQQ,MU
2015-07-02
Mkt_Cap:WAG,BP,PTR,NVS,XOM|NI,JPM,BAC,PFE,UNH
Price:NTRA,BKW,WAG,MDCO,HNT|NI,LTRPB,YELP,VIPS,CNC
Volume:BAC,AMD,AAPL,SPY,INTC,MU,GE,VALE,NBG,PBR
2015-07-06
Mkt_Cap:WMT,MO,NMR,DIS,LVNTB|CHL,BUD,PTR,LFC,PBR.A
Price:BCOM,ITCI,EGRX,LC,NLNK|CYOU,WB,SHI,LEJU,SFUN
Volume:SPY,USO,AMD,EEM,FXI,VXX,SAP,BP,QQQ,SDRL
2015-07-07
Mkt_Cap:PG,BRK.A,BRK.B,WMT,KO|LFC,CHL,PTR,SNP,BAC
Price:DEPO,LTRPB,CHK,HIMX,JOE|CIG.C,AMD,JMEI,SLW,SHI
Volume:BAC,PBR,VALE,AAPL,AMD,MU,FCX,QQQ,INTC,SPY
2015-07-08
Mkt_Cap:WFC-L,KHC,TI,DD-B,KSU-|PTR,AAPL,CHL,LFC,TM
Price:LTRPB,BKW,WAG,VXX,ETSY|SHI,CC,ACH,YZC,VEDL
Volume:BAC,AAPL,VALE,AA,INTC,F,MSFT,QQQ,SPY,S
2015-07-10
Mkt_Cap:AAPL,CHL,LFC,BUD,NVS|BIIB,WFC-L,BBDO,TEVA,PXD
Price:SEDG,EROS,CHRS,TDOC,SHI|CUDA,LTRPB,HELE,HLG,Z
Volume:BAC,AAPL,NBG,S,INTC,SPY,T,QQQ,MSFT,GE
2015-07-13
Mkt_Cap:AAPL,GOOG,GOOGL,WAG,MSFT|TOT,E,RDS.B,STO,MPLX
Price:ANAC,BKW,IMGN,ATRA,MWE|NAV-D,MPLX,LTRPB,ASNA,PLXS
Volume:BAC,VALE,NBG,AAPL,MU,FB,MSFT,T,VALE.P,INTC
2015-07-14
Mkt_Cap:GOOG,WAG,GOOGL,NVS,AMZN|PTR,EMC,JNJ,BHP,SNP
Price:ECR,MU,CC,CXRX,RDUS|NAVI,GGB,KATE,SAVE,SSTK
Volume:MU,BAC,TWTR,S,INTC,AAPL,EMC,SIRI,AMAT,FB
2015-07-15
Mkt_Cap:AAPL,CELG,BAC,BRK.B,BRK.A|LFC,NVS,PTR,LLY,CVX
Price:PTCT,RCPT,DBVT,M,GSAT|LTRPB,BLX,MDR,P,SUN
Volume:BAC,INTC,MU,S,AAPL,NFLX,FB,VALE,T,QQQ
2015-07-17
Mkt_Cap:GOOGL,GOOG,FB,AAPL,BABA|PBR,JNJ,PBR.A,CVX,PTR
Price:ETSY,AXON,BKW,GOOGL,GOOG|SWI,LTRPB,NGD,EGO,RDC
Volume:BAC,WPX,FB,AAPL,PYPLV,INTC,PBR,NE,FTR,GE
2015-07-20
Mkt_Cap:AAPL,WAG,FB,V,PYPL|GOOG,PTR,GOOGL,XOM,PBR
Price:VSLR,FRO,AXDX,LII,EROS|HMSY,AGI,ABX,BVN,LINE
Volume:BAC,GDX,AAPL,FB,PYPL,ABX,MU,EBAY,FCX,PBR
2015-07-21
Mkt_Cap:WAG,CHL,MSFT,INFY,LFC|IBM,AAPL,UTX,NVS,VZ
Price:NEOG,THOR,BKW,WAG,SANM|LOCK,LXK,HLX,UNFI,ATI
Volume:AAPL,BAC,LOCK,CHK,INTC,EBAY,MSFT,FB,ABX,QQQ
2015-07-22
Mkt_Cap:WAG,BABA,BAC,C,JPM|AAPL,MSFT,NVS,BHP,BBL
Price:BKW,WAG,THOR,PRTA,IDXX|CZR,CACQ,BEAV,SCL,FTI
Volume:AAPL,BAC,MSFT,T,RF,HAL,MU,AA,VALE,INTC
2015-07-23
Mkt_Cap:WAG,VRX,NVS,MSFT,CS|GOOGL,GOOG,CMCSK,CMCSA,UNP
Price:ADPT,SNDK,CRUS,MBI,MSA|QSII,URI,DST,CAB,SCSS
Volume:BAC,FCX,SIRI,AAPL,EBAY,CHK,GM,QCOM,T,PBR
2015-07-24
Mkt_Cap:AMZN,V,FB,BIIB,GOOG|GOOGL,COF,GILD
Price:SFG,MKTO,P,SPNC,BIIB|ESPR,FWP,GIMO
Volume:T,BAC,FCX,GDX,S,AAPL,ABX,CSCO,CX,VALE
2015-07-27
Mkt_Cap:TEVA,AGN,AMGN,GOOG,PTR|AAPL,FB,CHL,LFC
Price:TEVA,BECN,WAB,IRCP,MYL|MGLN,ALDW,CYOU
Volume:BAC,FCX,SIRI,T,S,AAPL,F,INTC,TEVA,MSFT
2015-07-28
Mkt_Cap:PTR,XOM,BRK.A,PFE,BIDU|AMZN,BABA,IR,WFC
Price:IRCP,ICLR,MSTR,BIDU,AMKR|CVLT,RDWR,VXX
Volume:SIRI,BAC,TWTR,F,PBR,T,FCX,MU,ABEV,VALE
2015-07-29
Mkt_Cap:PTR,MSFT,FB,DCM,TWTR|SNY,CELG,AAPL,MO
Price:CYT,SHAK,SLCA,VIP,YELP|VDSI,CIG.C,TWTR,BDC
Volume:BAC,TWTR,FB,CFG,F,PFE,T,MU,MSFT,PBR
2015-07-30
Mkt_Cap:RDS.B,RDS.A,MSFT,AMZN,PG|BUD,PTR,FB,SAN
Price:OTEX,VG,WWE,SKX,LINE|FMI,CMPR,QRVO,WFM
Volume:FB,BAC,VALE,MSFT,SIRI,WFM,F,AAPL,MU,TWTR
2015-07-31
Mkt_Cap:HMC,CHL,AMGN,SMFG,XOM|CVX,AAPL,PTR,GOOG
Price:KWR,AVOL,COLM,ELLI,OCN|LINE,DGI,ROVI,INT
Volume:BAC,MU,SUSQ,FB,AAPL,SUNE,JDSU,FTR,F,MSFT
2015-08-03
Mkt_Cap:GOOGL,GOOG,NVO,GILD,AAPL|PTR,CVX,CHL,XOM
Price:LITEV,I,AMD,I-A,ABGB|LTRPB,HMSY,LINE,TREX
Volume:AAPL,BAC,FTR,S,TWTR,PBR,MU,SPY,GE,T
2015-08-04
Mkt_Cap:MSFT,LFC,NFLX,BHP,AAPL|TM,XOM,CVS,ALL
Price:IPCM,ABMD,BXLT,TNET,ABGB|CGNX,TRS,SGMS
Volume:AAPL,S,BAX,BAC,BXLT,FTR,MGM,MSFT,NFLX,PBR
2015-08-05
Mkt_Cap:GOOG,GOOGL,FB,WMT,DIS|CMCSA,CMCSK,TWX,FOXA
Price:USNA,PAYC,FSLR,XXIA,ETSY|CSTE,CSTM,LTRPB,PAGP
Volume:NGD,LNG,GSAT,TXMD,CEF,SYRG,FAX,IMO,EVV,CQP
2015-08-06
Mkt_Cap:XOM,RDS.A,RDS.B,CVX,MSFT|AGN,AMGN,VRX,GILD
Price:OAS,HLF,CHK,DDD,PHH|SSTK,GMCR,SUNE,INOV
Volume:FOXA,SUNE,DIS,AAPL,BAC,CHK,SIRI,FB,QQQ,PBR
2015-08-07
Mkt_Cap:AXP,CHL,FOX,AAPL,XOM|GOOG,WMT,GOOGL,AMZN
Price:STMP,NUS,TWOU,CVT,BCRX|BITA,CJES,CRC,ACAD
Volume:SUNE,BAC,GRPN,AAPL,CHK,NVDA,PBR,AA,SPY,ZNGA
2015-08-10
Mkt_Cap:AAPL,XOM,PTR,MSFT,JD|SBUX,AMGN,GOOG,MNST
Price:DNR,PCP,ESPR,EPE,KRO|NIHD,BLUE,AMD,HIMX
Volume:BAC,AAPL,S,TWTR,SUNE,FCX,GDX,VALE,PBR,AMD
2015-08-11
Mkt_Cap:GOOG,GOOGL,PUK,AAPL,BABA|MSFT,BBL,GE
Price:NVAX,TEX,ICUI,ENV,ZBRA|CLDX,NIHD,EGRX
Volume:AAPL,BAC,SUNE,S,FCX,AA,VIPS,VALE,QQQ,T
2015-08-12
Mkt_Cap:AAPL,XOM,MSFT,INTC,BABA|UN,HSBC,CHL,UL
Price:W,ENV,MHR-E,LPI,MMI|PBYI,YOKU,VEDL,GIII
Volume:BAC,AAPL,SUNE,T,SPY,SIRI,GDX,CSCO,QQQ,S
2015-08-13
Mkt_Cap:BABA,CSCO,MRK,RDS.A,RDS.B|TOT,CHL,GOOGL
Price:PLNT,TREE,BERY,SHAK,CPA|RLYP,GFI,BTE
Volume:BAC,CSCO,SUNE,AAPL,S,ITUB,GDX,T,YHOO,FCX
2015-08-14
Mkt_Cap:AAPL,GE,FB,NVO,PTR|BUD,SNY,CMCSA,RDS.A
Price:GBT,FGEN,DAR,KING,ONCE|AZPN,EGRX,W
Volume:BAC,AAPL,AMAT,S,MU,JCP,ITUB,SYY,SUNE,SIRI
2015-08-17
Mkt_Cap:AAPL,CHL,CMCSA,GOOGL,CVX|DD-A,EL,LFC,BHP
Price:ZU,AXON,GBT,ACHN,MOG.B|AIMT,BTE,EL,SFUN
Volume:S,BAC,ZU,AAPL,MU,FCX,SUNE,GDX,SPY,JCP
2015-08-18
Mkt_Cap:HD,FB,TJX,WMT,AAPL|LFC,GOOGL,XOM
Price:NPBC,HTHT,NK,GBT,ESPR|MOG.B,W,SAGE
Volume:BHP,SPY,BBL,QQQ,BUD,INTC,SDRL,SAN,EEM,UBS
2015-08-19
Mkt_Cap:GOOGL,GOOG,WBK,PTR,AAPL|XOM,CHL,MSFT
Price:AU,BTG,NK,CSIQ,BTE|CMCM,LINE,ESPR
Volume:BAC,AAPL,SPY,S,QQQ,FCX,MU,MSFT,SUNE,INTC
2015-08-20
Mkt_Cap:LLY,ABEV,DD-A,FB,AAPL|PTR,DIS,GOOG
Price:NTK,GFI,TECD,JMEI,INFN|YOKU,CBPO,CLDX
Volume:BAC,AAPL,QQQ,MU,SPY,FCX,FB,T,CSCO,SUNE
2015-08-21
Mkt_Cap:CHA,CHU,CRM,AAPL,GOOG|GOOGL,MSFT,FB
Price:SPIL,VXX,BRCD,TFM,TREE|ADAP,EGO,INTU
Volume:BAC,AAPL,QQQ,SPY,MSFT,GE,FB,SUNE,INTC,CSCO
2015-08-24
Mkt_Cap:SYT,GAS,HUB.A,CHL,GOOGL|GOOG,AMZN,AAPL
Price:GAS,HUB.A,VXX,CZR,CIE|IRCP,BCOM,WB,SLCA,JMEI
Volume:BAC,AAPL,QQQ,SPY,GE,MSFT,FB,INTC,T,VXX
2015-08-25
Mkt_Cap:BABA,LFC,CHL,MTU,MSFT|MRK,WFC,GE,JNJ
Price:BCOM,BBY,ATML,SUNE,POM|GLBL,DSW,GFI
Volume:BAC,AAPL,SPY,QQQ,SUNE,MSFT,GE,INTC,FB,T
2015-08-26
Mkt_Cap:AAPL,GOOG,GOOGL,MSFT,XOM|SYT,SLB,VMW,WFC-L,DISCB
Price:CAM,EXPR,EGRX,SYT,QIHU|VXX,DISCB,BTG
Volume:BAC,QQQ,AAPL,SUNE,GE,SPY,MSFT,CAM,SLB,CSCO
2015-08-27
Mkt_Cap:AAPL,PTR,GE,XOM,WFC-L|FIT,DG,WSM,LUX
Price:FCX,TCK,CEO,X,FIT|ABGB,WSM,PDCO,BLOX
Volume:BAC,FCX,AAPL,SPY,QQQ,GE,XIV,MSFT,MU,T
2015-08-28
Mkt_Cap:CVX,FB,INTC,SLB,CHL|GOOGL,PTR,GOOG,PFE
Price:ARIA,BIG,LINE,CEA,GME|BBDO,ADRO,SPIL
Volume:ATVI,FCX,BAC,AAPL,QQQ,PBR,INTC,AA,ARIA,SPY
2015-08-31
Mkt_Cap:COP,SLB,E,BABA,GOOG|GOOGL,CELG,PTR
Price:MDCO,CRWN,EPE,CRC,W|CRTO,ESPR,BCOM,NK
Volume:BAC,FCX,AAPL,SPY,INTC,PBR,QQQ,F,SUNE,GE
2015-09-01
Mkt_Cap:DISCB,GGP-A,CIG.C,AAPL,PTR|GOOG,MSFT,XOM
Price:VXX,CIG.C,NK,UWTI,DNR|QIWI,XIV,UCO
Volume:SPY,SDRL,BHP,VXX,XIV,BP,AAPL,UWTI,RDS.A,TQQQ
2015-09-02
Mkt_Cap:AAPL,MSFT,GOOG,GOOGL,TEF|SU,WFC-L,DLTR,LMCB
Price:MBI,ATRA,GGB,HTWR,ARIA|VXX,PHK,AMBA
Volume:BAC,UAL,AAPL,GE,SPY,QQQ,AA,NFLX,MSFT,PBR
2015-09-03
Mkt_Cap:TM,BABA,NTT,XOM,AAPL|GOOG,GOOGL,FB,GILD
Price:MEI,NAV-D,GEF,GEF.B,JOY|SCMP,AMBA,CTLT,FIVE
Volume:BAC,AAPL,XIV,SUNE,QQQ,FCX,INTC,PBR,FTR,SPY
2015-09-04
Mkt_Cap:BBDO,MYL,VRX,PTR,CHL|MSFT,BABA,BRK.B
Price:VXX,BGS,GSAT,TCK,BLOX|BSBR,VIPS,SBS
Volume:BAC,AAPL,QQQ,AA,XIV,SPY,MSFT,GE,MU,F
2015-09-08
Mkt_Cap:AAPL,PTR,CHL,MSFT,GOOGL|BABA,NFLX,BBDO,TWTR,YHOO
Price:TE,CMCT,FGEN,ZNH,THRX|CXRX,VXX,ABY,GLBL
Volume:BAC,FCX,AAPL,BABA,GE,NFLX,QQQ,SPY,MSFT,JD
2015-09-09
Mkt_Cap:BABA,PTR,FB,SNP,AAPL|MSFT,XOM,BRK.A,TTPH
Price:CLVS,AJRD,PLAY,TTPH,BKS|THRX,NAV-D,MW
Volume:AAPL,BAC,QQQ,YHOO,FCX,XIV,NFLX,GE,PBR,MRO
2015-09-10
Mkt_Cap:AAPL,GOOG,GOOGL,GILD,TM|WMT,PBR.A,LULU,PBR
Price:CNW,ZSPH,IRCP,LULU,KKD|XPO,AVP,MTH
Volume:BHP,SPY,XIV,BUD,BBL,GOLD,AAPL,QQQ,USO,RIO
2015-09-11
Mkt_Cap:AAPL,GILD,AMZN,DIS,PTR|DCM,ABEV,LFC,PBR
Price:SHAK,SID,AKO.B,MFRM,FNSR|MRVL,AVP,LINE
Volume:BAC,AAPL,PBR,AVP,MRVL,FCX,FTR,GE,AMD,QQQ
2015-09-14
Mkt_Cap:AAPL,ITUB,BBD,DCM,BABA|CHL,NTT,AMZN
Price:AXON,IRCP,CHS,SBGL,AMD|EPE,BTG,DCM
Volume:AAPL,BAC,PBR,SLH,ABEV,AA,FCX,CHK,BABA,GE
2015-09-15
Mkt_Cap:GOOGL,GOOG,MSFT,TM,MDVN|DCM,VOD,RIO,NTT
Price:IRCP,XIV,TREE,MDVN,OCN|SONC,CPPL,BBDO
Volume:BAC,F,GE,AAPL,PBR,QQQ,INTC,BABA,MSFT,FCX
2015-09-16
Mkt_Cap:BUD,CHL,PTR,GE,FDX|S,VZ,AMGN,WPZ
Price:TAP.A,EPE,TAP,QEP,RMBS|XLRN,PTCT,PAYC,FCE.B
Volume:SPY,SLV,AAPL,RDS.A,TS,XIV,LOGI,BABA,RDS.B,GPRO
2015-09-17
Mkt_Cap:LLY,AMZN,GOOG,GOOGL,AAPL|WFC,ORCL,CHL,JPM
Price:SHOP,ITCI,CVC,IMGN,CLC|RAD,NAV,WWW,ATML
Volume:BAC,CVC,RAD,AAPL,SPY,XIV,QQQ,FCX,GE,T
2015-09-18
Mkt_Cap:BMY,ABBV,AZN,BRK.A,GOOG|XOM,GOOGL,PTR
Price:PEN,KGC,PTLA,LQ,XIV|FCX,APOG,NE
Volume:CUZ-B.CL
2015-09-21
Mkt_Cap:AAPL,BRK.A,CHL,MSFT,BUD|BABA,VRX,BIIB,GILD
Price:ATML,CMLP,XIV,WFT,IMGN|RARE,RTRX,JUNO
Volume:ATML,WFT,BAC,AAPL,RAD,QQQ,FCX,GDX,GE,PBR
2015-09-22
Mkt_Cap:CHL,GILD,AGN,AAPL,GOOGL|GOOG,NVS,FB
Price:WFT,AXON,SSYS,DEPO,HZNP|ITCI,MCRB,SCMP
Volume:BAC,FCX,WFT,AAPL,QQQ,XIV,GE,F,FB,PBR
2015-09-23
Mkt_Cap:AAPL,FB,PFE,PTR,BABA|SNP,ABEV,KMI
Price:HRTX,FNFG,BMR,SMLP,NAV-D|CRC,SNCR,SUNE
Volume:BAC,PBR,GE,AAPL,FCX,F,XIV,SUNE,PFE,INTC
2015-09-24
Mkt_Cap:AAPL,PG,GOOG,NFLX,GILD|C,CAT,VRX,CELG
Price:WOR,ONCE,BBDO,SMLP,TREE|QTWO,HRTX,CNV
Volume:SPY,QQQ,EWZ,XIV,AAPL,TQQQ,VXX,FCAU,EWG,BBRY
2015-09-25
Mkt_Cap:NKE,WFC,JPM,C,GOOGL|GOOG,PFE,FB,UNH
Price:CRUS,JBL,SMLP,GLPG,FINL|HRTX,CXRX,ZIOP
Volume:BAC,AAPL,FCX,QQQ,XIV,GE,CSCO,PBR,F,SPY
2015-09-28
Mkt_Cap:JNJ,RAI,AA,VRX,AAPL|GOOG,GOOGL,FB
Price:MEG,KN,AA,HUN,CXRX|HRTX,DEPO,HZNP
Volume:SH,SPY,BP,STM,XIV,ING,QQQ,STO,EEM,RENX
2015-09-29
Mkt_Cap:JNJ,V,MDT,RDS.B,AAPL|FB,PTR,AMZN,VRX
Price:BITA,CMN,NXST,MCRB,NVAX|GLPG,CXRX,NK
Volume:BAC,AAPL,QQQ,S,F,SUNE,FB,XIV,YHOO,GE
2015-09-30
Mkt_Cap:GOOGL,GOOG,FB,AGN,AMZN|PG,LMCB,GPS,CUDA,AA-
Price:SYNA,CXRX,HZNP,SHLX,WDC|CUDA,BIO.B,CROX,LMCB,AZZ
Volume:BAC,AAPL,PBR,HCBK,GE,FCX,AA,QQQ,INTC,F
2015-10-01
Mkt_Cap:AGN,AMZN,CELG,RDS.B,AAPL|ILMN,VZ,VOD,WMT
Price:SRPT,AYA,XPO,NAV-D,CROX|MSGN,MCRB,DNKN
Volume:BAC,AAPL,SUNE,GE,QQQ,MU,AA,PBR,S,F
2015-10-02
Mkt_Cap:GOOG,BABA,GOOGL,PTR,FOLD|BAC,SCHW,RY,CME
Price:MHR-E,WYNN,OAS,SUNE,FOLD|NAV-D,PRGS,AIMT,AKO.A
Volume:BAC,SPY,QQQ,AAPL,FOLD,S,MU,PBR,GE,SUNE
2015-10-05
Mkt_Cap:GE,GOOG,GOOGL,MSFT,VRX|AGN,DD-A,TEVA,INCY
Price:ONCE,CRC,BVN,VRX,BIO.B|CMRX,MNK,ENDP
Volume:GE,DOW.WD,BAC,MU,SUNE,AAPL,AA,PBR,F,FCX
2015-10-06
Mkt_Cap:PTR,RDS.B,RDS.A,CVX,CHL|WBA,PFE,MRK,JNJ
Price:PMCS,DNR,EPE,HQCL,EXAS|MOG.B,PCRX,NVCR,GB
Volume:PMCS,GE,BAC,AA,FCX,MU,AAPL,VALE,PBR,DD
2015-10-07
Mkt_Cap:PTR,RIO,BABA,RDS.B,YUM|NVS,AAPL,ADBE,GOOG
Price:CPA,TCK,CORE,NUS,YUM|ONCE,ZSPH,PAH
Volume:FCX,PBR,BAC,GE,PMCS,SUNE,AAPL,SIRI,MU,AA
2015-10-08
Mkt_Cap:MSFT,PTR,BHP,BABA,AAPL|AMZN,DISCB,GOOG,VMW
Price:NVCR,PLCM,MITL,AXLL,DISCB|ATRA,CXRX,AMBA,RDUS
Volume:BAC,EMC,AAPL,BMR,FCX,GE,QQQ,EBAY,NFLX,ABEV
2015-10-09
Mkt_Cap:AAPL,GOOG,AMZN,UNH,CHL|LMCB,XOM,MSFT,PTR
Price:SBGL,VEDL,SWI,LDRH,LMCB|SMCI,APOL,AA
Volume:AA,BAC,AAPL,EMC,FCX,PBR,GE,SIRI,GDX,F
2015-10-12
Mkt_Cap:AMZN,BABA,GOOGL,UNH,LLY|AAPL,VMW,INFY,DISCB
Price:NVCR,PSTG,BMA,TWOU,DISCB|LINE,UWTI,ETSY
Volume:SPY,XIV,TAP,UWTI,GE,BP,BHP,DIA,QQQ
2015-10-13
Mkt_Cap:SAP,GOOGL,LMCB,GOOG,ABEV|PTR,AGN,HSBC,AMGN
Price:LMCB,TAP,STZ.B,MOG.B,BBDO|SID,CEMP,XON
Volume:BAC,ABEV,EMC,TWTR,GE,PBR,AA,INTC,AAPL,XIV
2015-10-15
Mkt_Cap:AAPL,GOOGL,AMZN,BABA,NFLX|VRX,CHU,WMT,STX
Price:RDUS,BOFI,DXCM,DYAX,VAC|STX,GRMN,NFLX,MTW
Volume:BAC,GE,ABEV,AA,NFLX,WMT,QQQ,SPY,AAPL,INTC
2015-10-16
Mkt_Cap:GE,FB,XOM,MSFT,AAPL|BBL,RIO,SLB,PWR
Price:YOKU,DISCB,WB,PWR,CEMP|SAVE,BOFI,KSU
Volume:GE,BAC,TWTR,AAPL,SPY,T,YOKU,INTC,FCX,VALE
2015-10-19
Mkt_Cap:AAPL,GOOGL,GOOG,FB,XOM|RDS.A,VRX,RDS.B,MS
Price:LTRPB,FGEN,PMCS,PTCT,CRS|EPE,NVCR,ERF
Volume:GE,BAC,PMCS,GDX,MS,INTC,BBD,NFLX,AAPL,XIV
2015-10-20
Mkt_Cap:AAPL,UTX,NTT,WFC,WFC-L|GOOGL,GOOG,IBM,VRX,AMZN
Price:WTW,TMH,DISCB,AUY,BRS|RMBS,HZNP,EROS,CXRX,DEPO
Volume:GE,WTW,MU,BAC,AAPL,SIRI,GDX,XIV,HOG,FB
2015-10-21
Mkt_Cap:GM,TM,BIIB,UTX,WFC-L|VRX,VMW,BABA,PTR,GOOGL
Price:KLAC,SWI,SCL,TAP.A,BCOM|VMW,VRX,PSO,CLS,WTW
Volume:VRX,GE,BAC,EMC,MU,AAPL,SIRI,GM,XIV,F
2015-10-22
Mkt_Cap:XOM,BRK.B,BRK.A,AAPL,GILD|ABBV,AXP,UNH,KMI,VRX
Price:ZSPH,BCC,IILG,CIT,EBAY|CYH,APOL,EVHC,AHS,ADPT
Volume:GE,BAC,SIRI,VRX,MSFT,ABBV,EBAY,SPY,ABEV,QQQ
2015-10-24
Mkt_Cap:MSFT,GOOG,GOOGL,AAPL,AMZN|VFC,RDS.B,SKX,RDS.A,SRCL
Price:HZNP,NTGR,ATHN,CXRX,AKRX|P,SKX,MMSI,HURN,SRCL
Volume:MSFT,BAC,GE,P,AAPL,QQQ,SIRI,T,VALE,FB
2015-10-26
Mkt_Cap:MSFT,GOOGL,GOOG,AMZN,AAPL|PTR,XOM,CVX,KMI
Price:PNY,TREE,CTRP,BMA,MOG.B|CRUS,ATML,MMI,ATE
Volume:BAC,AAPL,MSFT,GE,KMI,F,SIRI,VRX,AA,FB
2015-10-27
Mkt_Cap:RYAAY,BABA,WBA,AGN,NVS|IBM,MSFT,AAPL,UNP
Price:RYAAY,RAD,AGIO,PCRX,FELE|GRUB,CNX,KN,MRVL,MSTR
Volume:RAD,AAPL,GE,F,BAC,MRVL,MSFT,BABA,TWTR,PFE
2015-10-28
Mkt_Cap:AAPL,BAC,BABA,JPM,WBA|LFC,GILD,LYG,AKAM
Price:BDC,CAB,CRC,INFN,AKAM|IILG,WBA,EVER,IDXX
Volume:RAD,BAC,TWTR,AAPL,GE,BBD,MSFT,QQQ,SIRI,SPY
2015-10-30
Mkt_Cap:ABBV,BIDU,BABA,PTR,FB|VRX,PFE,CVS,MSFT
Price:TRMB,IMPV,THRM,AAN,DGI|SCTY,VRX,SCSC
Volume:BAC,KEY,FNFG,GE,PFE,CFG,AAPL,MSFT,VRX,NYCB
2015-11-03
Mkt_Cap:AAPL,MSFT,V,XOM,MO|UBS,AIG,FIS,RAI
Price:CLLS,NK,SANM,AXON,TGH|AMAG,DWRE,TRGP,TASR
Volume:GE,BAC,KING,FTR,AAPL,PBR,ATVI,HPE,S,HPQ
2015-11-04
Mkt_Cap:AMZN,BABA,GOOGL,GOOG,HSBC|TWX,DIS,PFE,XOM,FOXA
Price:PAYC,DPLO,NK,RP,ENSG|GRPN,AVP,PAGP,CRTO,COKE
Volume:ITUB,YHOO,DNR,JPM,MOS,SCTY,WYNN,VIP,WCG,VTR
2015-11-05
Mkt_Cap:BUD,STZ.B,IBM,DD-A,LMCB|LVNTB,RDS.A,NVS
Price:STZ.B,GRT-H,BIO.B,GEF.B,MRH-A.CL|PPS-A,DD-A,LMCB
Volume:ZSPH,VALE,YOKU,HZNP,VALE.P,AUO,SPY,BAC,BHP
2015-11-06
Mkt_Cap:JPM,BAC,WFC,C,SNY|PTR,CHL,BBL,BHP
Price:ZSPH,STMP,BLDR,LXRX,QRVO|MW,MMI,NLNK,NAV-D,RDY
Volume:BAC,GE,VALE,BABA,FCX,FB,YOKU,AAPL,MSFT,PBR
2015-11-09
Mkt_Cap:NSC,APA,MTU,PCLN,XOM|GOOG,MSFT,BABA
Price:PCL,APA,ISIS,LABL,MNK|AGIO,HTZ,COMM
Volume:AAPL,ERIC,NOK,BHP,SPY,QQQ,DHI,CSIQ,VOD
2015-11-10
Mkt_Cap:AGN,FB,GE,V,AAPL|MSFT,PUK,APC,PTR
Price:MDR,RAX,ATW,HERO,AYA|SUNE,TERP,W
Volume:GE,SUNE,BAC,AAPL,MSFT,SYF,PYPL,FCX,QQQ,PBR
2015-11-11
Mkt_Cap:AMZN,BUD,GE,GOOG,PTR|BABA,ORCL,AAPL,WMT
Price:DISCB,NGL,BIO.B,HZNP,HERO|SUNE,M,EPE
Volume:GE,SUNE,BAC,AAPL,SYF,FCX,M,JCP,MSFT,AA
2015-11-12
Mkt_Cap:CHL,PTR,JD,XOM,GOOGL|BRK.B,GE,JPM
Price:SMI,SFS,SBH,MMS,KLXI|AAP,SPTN,AVP
Volume:GE,SUNE,BAC,SIRI,FCX,SYF,AA,CSCO,MSFT,XIV
2015-11-17
Mkt_Cap:HD,WMT,BUD,FB,PTR|XOM,MSFT,GOOGL,AAPL
Price:ARG,NUAN,VIP,SUNE,ADPT|TERP,MDR,GLBL
Volume:GE,SUNE,SYF,GNW,BAC,VIPS,XIV,AA,NFLX,FCX
2015-11-18
Mkt_Cap:AAPL,GOOG,GOOGL,AMZN,QCOM|PTR,TGT,S,CTXS
Price:GBT,SID,VIPS,NM-G,CTXS|GLBL,QCOM,S
Volume:GE,BAC,AAPL,VIPS,QCOM,FCS,S,PFE,SPY,QQQ
2015-11-19
Mkt_Cap:AAPL,INTC,KO,VRX,UNH|PFE,FB,AGN,CVS
Price:AEZS,SQ,NM-G,GFI,GMCR|TERP,CHK-D,PTCT,MOH,SUNE
Volume:S,UWTI,SPY,DEPO,QQQ,BHP,SUNE,USO,FL
2015-11-20
Mkt_Cap:TROVU,GOOG,GOOGL,NKE,RDS.B|RDS.A,CVX,KO,BCS
Price:TROVU,SRPT,ANF,VIPS,MENT|NM-G,PSTG,CMG,AMWD
Volume:GE,PFE,BAC,S,INTC,MSFT,FCX,AAPL,VIPS,CHK
2015-11-23
Mkt_Cap:AMZN,BABA,HD,KO,CEQP|AAPL,PFE,NVS,AGN
Price:BOFI,NVCR,CLDX,CEQP,PAM|PARR,MOG.B,BFR
Volume:GE,PFE,BAC,AA,FCX,AAPL,VALE,MSFT,SYF,VRX
2015-11-24
Mkt_Cap:XOM,AAPL,PTR,PFE,GOOG|GOOGL,AMZN,FB,DIS
Price:SUNE,AVP,AMWD,ADRO,WMS|TECD,BRCD,SHOP
Volume:SUNE,GE,PFE,BAC,FCX,SYF,AAPL,PMCS,PBR,CSCO
2015-11-25
Mkt_Cap:PFE,AGN,BABA,AAPL,MSFT|HPQ,BHP,ITUB
Price:ADRO,CACC,SHLD,SUNE,TERP|HPQ,ALR-B,ABY
Volume:SUNE,PFE,HPQ,GE,BAC,FCX,AA,PBR,HPE,CSCO
2015-11-27
Mkt_Cap:MSFT,GOOGL,GOOG,PTR,DIS|WFC-L,LFC,SNP
Price:CLVS,NM-G,RARE,NAV-D,MOG.B|SHI,UWTI,SWN
Volume:GE,SUNE,BAC,VALE,HPQ,PFE,DIS,FCX,GDX,EEM
2015-11-30
Mkt_Cap:XOM,DD-B,HD,CELG,QVCB|AMOV,RAI,MET-A
Price:GBL,AMBA,FBR,NAV-D,MOG.B|LULU,QVCB,CCO
Volume:NOK,GDX,UWTI,ABEV,ALU,BABA,XIV,SPY,SUNE
2015-12-01
Mkt_Cap:GOOG,GOOGL,FB,MSFT,AAPL|WFC-L,KMI,CMI,BIDU
Price:ABY,CNX,VRX,JOY,MPLX|SID,MPG,BLUE
Volume:SUNE,BAC,GE,PFE,MSFT,AAPL,FCX,CSCO,KMI,F
2015-12-02
Mkt_Cap:QCOM,BABA,YHOO,XOM,AAPL|PFE,KMI,CVX
Price:OZM,W,GIII,NRG,NGL|DYN,UWTI,NM-G
Volume:BAC,KMI,YHOO,SUNE,HPQ,MSFT,FCX,GE,PBR,QCOM
2015-12-03
Mkt_Cap:AVGO,FCEL,WMT,MSFT,BRK.A|GOOG,GOOGL,BABA
Price:FCEL,ALR-B,PSTG,CHK-D,INSY|VRNT,CHK,P
Volume:BAC,KMI,GE,SUNE,CHK,PFE,HPQ,FCX,XIV,QQQ
2015-12-04
Mkt_Cap:AAPL,MSFT,GOOG,BRK.A,BRK.B|KMI,PTR,RDS.A,PBR,STO
Price:ALR-B,ULTA,FIT,CHK-D,NGLS|NRG,DYN,TRGP
Volume:KMI,BAC,GE,AAPL,SPY,FCX,MSFT,SUNE,QQQ,ETE
2015-12-07
Mkt_Cap:GMCR,WMT,QVCB,BT,PTR|XOM,RDS.B,RDS.A
Price:GMCR,ALR-B,TMUSP,BT,BLUE|CORR-A,GBT,AGIO
Volume:FCS,EWZ,SPY,TXMD,USO,SDRL,EEM,PBR,MT
2015-12-09
Mkt_Cap:DOW,DD,XOM,RDS.B,AAPL|GOOGL,GOOG,MSFT,AMZN
Price:TERP,KMI-A,ENLC,EQGP,CHRS|LULU,BBDO,OXM,SPWR
Volume:KMI,SUNE,BAC,DOW,FCX,GE,PBR,QQQ,ETE,SPY
2015-12-10
Mkt_Cap:CVX,AAPL,NVS,CMCSA,ABEV|PTR,BBD,DOW,RDS.A
Price:TEAM,SRG,ATI,CIEN,PBYI|MEI,TCP,BBD
Volume:XIV,SPY,QQQ,EEM,AAPL,IWM,ABB,SUNE,USO
2015-12-11
Mkt_Cap:ADBE,GLW,CSX,AAPL,BABA|AMZN,MSFT,FB
Price:FNSR,WFM,GLW,CHK-D,SWN|WLL,ETE,IMKTA
Volume:BAC,KMI,FCX,GE,QQQ,AAPL,SPY,SIRI,PFE,MSFT
2015-12-14
Mkt_Cap:MSFT,GOOGL,AMZN,FB,AAPL|WFC-L,DOW,DD,TM
Price:SCTY,TERP,PBYI,CIG.C,BCOM|BLDR,TOO,AU
Volume:BAC,KMI,GE,AAPL,FCX,QQQ,MSFT,SPY,PFE,AA
2015-12-15
Mkt_Cap:XOM,WFC,BRK.A,BRK.B,AAPL|MMM,GOOG,WMT,CVS
Price:CIG.C,NM-G,ICPT,VRX,KMT|ATI,SWHC,YELP,AGCO
Volume:BAC,SUNE,SIRI,GE,AAPL,QQQ,FCX,PFE,KMI,F
2015-12-16
Mkt_Cap:GOOGL,GOOG,AMZN,MSFT,PXD|COP,XOM,HAL,QVCB
Price:SCTY,SUNE,PAH,SPWR,CRC|KMT,IRCP,GPN,WLL
Volume:P,MT,QQQ,SPY,XIV,EEM,SDRL,GE,USO
2015-12-17
Mkt_Cap:MET-A,WFC-L,BX,ORCL,PTR|GOOG,CVX,RIO
Price:P,RUN,SOHU,TK,TGP|CC,GLNG,AHGP
Volume:SPY,XIV,QQQ,BBRY,SUNE,AAPL,MT,USO,BP
2015-12-18
Mkt_Cap:PTR,CUK,CCL,AAPL,MSFT|BRK.A,BRK.B,GOOGL
Price:BBRY,LTRPB,DYN,DISCB,AXON|GEF.B,ETSY,GBT
Volume:BAC,AAPL,FCX,MSFT,GE,BTG,PFE,VIP,SUNE,KMI
2015-12-28
Mkt_Cap:AMZN,DD-B,ABEV,CVX,CELG|BRK.A,BRK.B,SAN
Price:IRCP,STRZB,GRP.UN,NAVI,NGL|GTN.A,CPA,CRZO
Volume:BP,CMRX,CHK,BHP,SPY,AAPL,HSBC,QQQ,XIV
2015-12-29
Mkt_Cap:AAPL,GOOG,AMZN,GOOGL,PTR|DD-B,SKM,CQP,RIO
Price:TGI,SHO,CHK,HQCL,SUNE|TPL,ROVI,NOAH
Volume:BAC,SUNE,FCX,GE,KMI,AAPL,CHK,MSFT,QQQ,SPY
2015-12-30
Mkt_Cap:DD-B,ABBV,WBK,AAPL,PTR|XOM,BABA,GOOG
Price:WTW,TEGP,LXK,AHGP,AR|EPE,SDRL,OAS
Volume:SUNE,KMI,BAC,GE,FCX,AAPL,AA,CHK,MSFT,QQQ
2015-12-31
Mkt_Cap:EPD,LBTYK,WMB,AAPL,GOOG|GOOGL,MSFT,AMZN
Price:NM-G,SWN,WPX,BCOM,LTRPB|AXON,NK,TXMD
Volume:GE,BAC,AAPL,KMI,QQQ,SPY,MSFT,SIRI,SUNE,FCX
2016-01-04
Mkt_Cap:EPD,BXLT,WFC-L,AMZN,GOOGL|GOOG,BABA,WFC
Price:SUNE,EPE,CHK,QUNR,AXON|RARE,NK,TEAM
Volume:SPY,BP,SAN,BHP,RIG,RDS.A,EEM,RIO
2016-01-05
Mkt_Cap:LLY,BABA,WMT,NTT,CHL|TOT,RDS.B,PTR,SAN
Price:SWHC,RGR,SHI,FLIR,GPRO|STRZB,CHK-D,BCOM,XLRN,EPE
Volume:ARRS,SPY,QQQ,XIV,SUNE,GPRO,SWHC,FCS,GDX
2016-01-06
Mkt_Cap:NFLX,TWX,WMT,AAPL,MSFT|PTR,CVX,RIO
Price:NFLX,IRCP,ADPT,SM,WPX|LPI,ACAD,ETE
Volume:BAC,AAPL,GE,F,AA,FCX,QQQ,MSFT,SPY,XIV
2016-01-08
Mkt_Cap:AAPL,VOD,MSFT,GOOG,RDS.B|GOOGL,XOM,NVS
Price:IRCP,QUNR,CHK-D,WTW,AEO|GPS,AMBA,DVAX
Volume:BAC,SUNE,GE,AAPL,QQQ,SPY,MSFT,F,FCX,AA
2016-01-11
Mkt_Cap:AAPL,AMZN,PM,BUD,PTR|CELG,MCK,XOM,SHPG
Price:NSAM,AMD,M,NM-G,FCX|BLUE,HALO,WNRL
Volume:LNG,GSAT,NGD,TXMD,NG,FAX,IMO,EVV,CEF,BTI
2016-01-12
Mkt_Cap:GOOGL,AAPL,GOOG,BABA,RIO|WMT,BHP,DD-A,BBL
Price:SMCI,BURL,BLUE,EGO,INVA|ETE,LMCB,AKRX
Volume:FCX,BAC,AA,SUNE,ETE,F,WMB,AAPL,GE,KMI
2016-01-13
Mkt_Cap:XOM,BBDO,MET,GOOG,GOOGL|AMZN,AAPL,FB
Price:CYBR,BBDO,SWN,TRGP,NGLS|WMB,HALO,AXL
Volume:BAC,F,QQQ,MSFT,FCX,AAPL,XIV,GE,ETE,ATVI
2016-01-14
Mkt_Cap:XOM,AAPL,MSFT,GOOG,HD|LMCB,ESRX,BBY,PEP
Price:WMB,ETE,XON,WPZ,GPRO|SCTY,LMCB,TSEM,BBY
Volume:SPY,XIV,USO,EEM,ALU,QQQ,AAPL,EWG,BP
2016-01-15
Mkt_Cap:ABBV,GGP,LVS,MSFT,INTC|GOOGL,GOOG,AAPL
Price:WYNN,REV,XON,SRPT,WLL|VEDL,SEMG,WMB
Volume:BAC,QQQ,AAPL,INTC,SPY,FCX,MSFT,GE,F,CSCO
2016-01-19
Mkt_Cap:CVS,TI,ABEV,TAP.A,LMCB|STZ.B,MOG.B,MKC.V
Price:GRP.UN,GRT-H,HPT,MOG.B,LMCB|TAP.A,LTRPB,MKC.V
Volume:SPY,BAC,XIV,NFLX,AAPL,USO,NOK,GDX,QQQ
2016-01-20
Mkt_Cap:ABBV,CELG,AMGN,XOM,PTR|BRK.B,IBM,TM
Price:SYNA,MDCO,SWN,WGP,GLNG|NVCR,ENLC,NRF-A
Volume:BAC,FCX,GE,QQQ,XIV,CSCO,AAPL,TWTR,SPY,AA
2016-01-21
Mkt_Cap:VZ,GE,GOOG,GOOGL,ALKS|BAC,AAPL,MSFT,GILD
Price:CRZO,CNX,SWN,RRC,WLL|EGL,ALKS,RDUS,MTG,SCHL
Volume:TEF,USO,RSX,SPY,XIV,EWG,BP,FCX,SAP
2016-01-22
Mkt_Cap:AAPL,MSFT,GOOG,GOOGL,PTR|AXP,GE,BABA,LMCB,UNP
Price:GLNG,ETE,NGL,WMB,MITL|AXP,LMCB,CHK-D,FCX,NVCR
Volume:BAC,FCX,GE,AAPL,KMI,CSCO,ETE,SPY,F,AXP
2016-01-25
Mkt_Cap:WMT,TYC,VRX,AAPL,XOM|GOOG,GOOGL,BRK.B
Price:TYC,GFI,CRAY,KS,DRII|NVAX,CHK,WRK
Volume:BAC,F,HBAN,CSCO,AAPL,FCX,GE,ETE,XIV,S
2016-01-26
Mkt_Cap:JNJ,XOM,RIO,CVX,LFC|LMCB,TSM,COST,REGN
Price:TEX,SWFT,S,FMER,CIE|LMCB,PII,LDOS,HBAN,ANAC
Volume:AAPL,ERIC,AUY,FCAU,SPY,USO,EEM,QQQ,XIV
2016-01-27
Mkt_Cap:VZ,BIIB,JNJ,RDS.B,AAPL|NVS,GOOGL,GOOG,AMZN
Price:CVLT,TEX,HA,LCI,SC|DV,TSS,TUP
Volume:AAPL,BAC,FCX,FB,QQQ,T,XIV,SPY,GE,PBR
2016-01-28
Mkt_Cap:FB,AMZN,GOOG,GOOGL,BABA|QCOM,ABT,LLY,NVS
Price:UA,MSTR,CRUS,ECA,OSIS|NTCT,FCFS,ADS,URI
Volume:NGD,LNG,TXMD,NG,CEF,GSAT,FAX,IMO,BTI
2016-01-29
Mkt_Cap:MSFT,AAPL,V,BRK.A,AMZN|GILD,MFG,MTU,ABBV
Price:COHR,CIG.C,BBDO,SNE,CNX|MOG.B,MOG.A,ABAX,ALV,RARE
Volume:BAC,CFG,MSFT,SPY,AAPL,FB,PFE,QQQ,F,GE
2016-02-01
Mkt_Cap:FB,GOOGL,GOOG,DCM,PTR|AMZN,XOM,NOK,AAPL
Price:ALR-B,ALR,SID,STR,AYA|NOK,ALU,NBR,LVNTB,CIGI
Volume:BAC,NOK,TWTR,FCX,PFE,FB,MSFT,GE,AAPL,KMI
2016-02-02
Mkt_Cap:GOOG,GOOGL,DOW,DD,MSFT|AMZN,AAPL,BP,BRK.A
Price:KORS,MAT,BCPC,PLT,IDTI|CIG,CIG.C,AXON
Volume:BAC,SIRI,FB,MSFT,F,PFE,QQQ,SPY,GE,AAPL
2016-02-03
Mkt_Cap:XOM,AAPL,PTR,CMCSA,GOOG|GOOGL,AMZN,NVO,TM
Price:ENR,VIAV,BBDO,EPC,NM-G|DWTI,MPLX,STRZB,MRD
Volume:BAC,F,QQQ,MSFT,FB,SIRI,YHOO,SPY,WFC,AAPL
2016-02-04
Mkt_Cap:RIO,XOM,GE,RDS.A,GOOG|GOOGL,FB,AZN,COP
Price:INVA,FCX,WFT,VALE,RL|SPSC,KSS,SNCR,CUB
Volume:RIO,MT,XIV,SPY,NOK,BP,BBL,AZN
2016-02-05
Mkt_Cap:CMCSA,MRK,VZ,NTT,T|LNKD,FB,GOOGL,GOOG,AMZN
Price:KGC,POST,AU,USG,TSN|DATA,LNKD,ESL,LGF,SPLK
Volume:BAC,FB,FCX,QQQ,MSFT,SIRI,GE,SPY,AAPL,COP
2016-02-08
Mkt_Cap:CVX,AAPL,XOM,PG,FB|V,WFC,BAC,PTR
Price:AUY,GPRO,MCY,ETE,CHK-D|WMB,CHK,ETP
Volume:BAC,ETE,CHK,QQQ,FB,FCX,WMB,MSFT,AAPL,SPY
2016-02-09
Mkt_Cap:PFE,GILD,KO,HD,RDS.B|CVX,RDS.A,RIO,TM
Price:BDC,CBM,ETE,LTRPB,JW.B|VIAB,VIA,NRF
Volume:BAC,QQQ,ETE,FB,PFE,F,MSFT,FCX,XLF,AAPL
2016-02-10
Mkt_Cap:GOOG,FB,GOOGL,AMZN,DIS|CMCSA,AAPL,IBM,BRK.A
Price:CRTO,AKAM,SCSC,EDE,SCTY|USNA,PAHC,FDC,EEFT
Volume:MYL,SPY,FB,TWTR,ABX,CS,BHP,AAPL,RDS.B
2016-02-11
Mkt_Cap:CSCO,AMZN,FB,DIS,JPM|GE,BAC,C,MYL
Price:TFM,INT,JCOM,HMY,MOG.B|FLO,AVP,MYL,BG
Volume:BAC,CSCO,GE,QQQ,GDX,SPY,CHK,AAPL,C,MSFT
2016-02-12
Mkt_Cap:JPM,WFC,PTR,GE,ATVI|LMCB,MOG.B,RAI,LPLA
Price:GRPN,ICPT,TCK,AXL,AVP|MOG.B,LPLA,JW.B,LMCB,P
Volume:BAC,GE,CSCO,CHK,QQQ,FCX,ATVI,AAPL,P,C
2016-02-16
Mkt_Cap:AAPL,BABA,MSFT,GOOGL,LMCB|QVCB,AIG,FB,ABEV
Price:ADT,GRPN,CRAY,LPLA,CSIQ|NUGT,CYH,STRZB,BVN,LMCB
Volume:BAC,ADT,QQQ,CSCO,SIRI,SPY,INTC,IBN,KGC,ETP
2016-02-17
Mkt_Cap:GOOG,PTR,MSFT,FB,GOOGL|GILD,LMCB,DD-A,PFE,WFC-L
Price:FOSL,TCK,TRGP,TAC,TRU|ENLC,LMCB,CLMT,BLMN,CASY
Volume:BAC,FCX,MRO,KMI,GRPN,AAPL,FB,QQQ,VALE,MSFT
2016-02-18
Mkt_Cap:IBM,JNJ,VZ,T,AAPL|GOOGL,GOOG,WMT,FB
Price:IM,CHK-D,LZB,LOPE,JACK|TYL,LMCB,CVRR,WLL
Volume:BAC,DVN,FCX,MRO,PFE,GDX,AAPL,QQQ,KMI,CHK
2016-02-19
Mkt_Cap:AMZN,FB,GOOGL,GOOG,TM|INTC,VRX,MSFT,T
Price:WTW,BRC,ANET,TRN,SWN|LMCB,TAP.A,ECA
Volume:BAC,GRPN,VALE,INTC,PFE,FCX,MRO,SIRI,GE,AAPL
2016-02-22
Mkt_Cap:AMZN,PTR,FB,MSFT,VRX|HSBC,TAP.A,HON,STZ.B
Price:CHK-D,RDUS,CHK,CIG.C,PBR|STRZB,VRX,INVA,TAP.A,DF
Volume:BAC,FCX,AA,VALE,PFE,SIRI,GE,FB,MRO,AAPL
2016-02-23
Mkt_Cap:WMT,LMCB,HD,AAPL,MSFT|JPM,GOOGL,RDS.B
Price:LMCB,MOMO,WSO.B,FIT,UWTI|TCK,ANAC,QEP
Volume:BAC,COG,FCX,FTR,CHK,FIT,SIRI,ABX,PFE,AAPL
2016-02-24
Mkt_Cap:AAPL,FB,GOOG,GOOGL,BBL|BHP,RIO,GE,WFC
Price:ECA,CHK,DWA,JBT,ABCO|CAR,LMCB,MRD,HTZ
Volume:BAC,CHK,FTR,F,FCX,ECA,GE,SPY,SIRI,QQQ
2016-02-26
Mkt_Cap:MSFT,GOOGL,GE,GOOG,BUD|PG,NTES,IBM,COST
Price:TREE,DRII,NPO,TMH,OIBR.C|NTES,ZBRA,TILE,OLED
Volume:BAC,JCP,SWN,PFE,ETE,GE,FCX,NFX,F,SPY
2016-02-29
Mkt_Cap:BRK.A,BRK.B,BABA,RIO,WFC-L|XOM,WFC,GOOGL,GOOG,VRX
Price:FDML,BSFT,SDRL,UNFI,ENDP|VRX,PHI,ZBRA
Volume:BAC,SIRI,FCX,CHK,QEP,JCP,MRO,AAPL,PFE,GE
2016-03-01
Mkt_Cap:AAPL,GOOGL,GOOG,MSFT,AMZN|MDT,LMCB,BCS,UTX,POM
Price:WDAY,LXRX,KITE,PGND,DPLO|LMCB,ZBRA,POM,NRZ
Volume:MRO,BAC,F,FCX,AAPL,SIRI,SPY,VRX,GDX,QQQ
2016-03-02
Mkt_Cap:PTR,XOM,RIO,BHP,MON|UN,LMCB,UL,GOOGL
Price:DAR,X,CHK,WLL,TCK|LMCB,ZBRA,HIMX,ROVI,BLUE
Volume:WFT,BAC,FCX,CHK,MRO,AA,VALE,WLL,SIRI,GE
2016-03-03
Mkt_Cap:ITUB,PBR.A,MTU,AAPL,GOOGL|MSFT,GOOG,KR,DCM
Price:TUMI,CHK,WLL,JOY,SID|CIEN,ZBRA,ERJ,ONCE,PSTG
Volume:TWTR,WY,GSAT,SNDK,TSM,PE,GS,ZBRA,URBN,INTU
2016-03-04
Mkt_Cap:AAPL,NVO,LFC,PTR,FB|MSFT,LMCB,NTT,DCM
Price:SDRL,DNR,EPE,CHK-D,NE|LMCB,HRB,ZBRA,WFT,AMBA
Volume:CHK,BAC,SDRL,FCX,PBR,MRO,VALE,WLL,ITUB,DNR
2016-03-08
Mkt_Cap:MSFT,DCM,TAP.A,RIO,PTR|XOM,BBL,BHP
Price:FCE.B,WSO.B,HL-B,EPE,SDRL|CHK,CIE,LMCB
Volume:BAC,CHK,VALE,FCX,PBR,WLL,GDX,SPY,AA,SIRI
2016-03-09
Mkt_Cap:MSFT,GOOGL,GOOG,CVX,AMGN|NKE,REGN,AMOV,NVO
Price:BUFF,CHK-D,RDUS,UWTI,EDIT|SDRL,ZBRA,RNG,DISCB
Volume:BAC,PFE,FCX,PBR,CHK,CSCO,ABX,SDRL,VALE,F
2016-03-10
Mkt_Cap:GOOG,GOOGL,NVS,ITUB,MSFT|RDS.A,RDS.B,PTR,TOT
Price:DRYS,X,PRTY,JCOM,ZBRA|CSIQ,CPPL,ADRO
Volume:TWTR,WY,GSAT,SNDK,TSM,PE,GS,ZBRA,URBN,INTU
2016-03-11
Mkt_Cap:PTR,GOOG,GOOGL,MSFT,MO|ABEV,LMCB,PG,RAI
Price:FNSR,FCE.B,NOAH,ULTA,DRYS|ZBRA,LMCB,LTRPB,CPPL
Volume:BAC,PFE,SIRI,FCX,WLL,CHK,SPY,GDX,PBR,MSFT
2016-03-14
Mkt_Cap:GOOGL,GOOG,MTU,PTR,PBR.A|PFE,BRK.B,SNP
Price:GWPH,TFI,SHM,DDD,MT|NUGT,ANET,PBR.A,GB
Volume:VRX,SPY,MJN,AAPL,HMY,MT,RIG,FCX,ALR
2016-03-15
Mkt_Cap:AAPL,MSFT,FB,WMT,VRX|RIO,BHP,BBL,AGN
Price:MJN,RICE,BTG,VRX,ENDP|SID,MNK,PBYI
Volume:VRX,BAC,PFE,AAPL,PBR,FCX,CHK,ITUB,VALE,AA
2016-03-16
Mkt_Cap:AAPL,ORCL,MSFT,GOOG,AGN|PFE,UBS,BAC,MTU
Price:EPE,UWTI,PAGP,TGP,GWPH|LTRPB,TERP,SC,CAL
Volume:BAC,PFE,GDX,VRX,FCX,ORCL,F,CHK,ITUB,VALE
2016-03-17
Mkt_Cap:GE,BRK.B,ITUB,BRK.A,AMZN|CHL,LLY,FB,TEVA
Price:SID,TCK,BBDO,BBD,GES|VRX,ENDP,JBL,AKRX
Volume:RIG,SPY,RIO,SHPG,BBL,SAN,UBS,UWTI,GSK
2016-03-18
Mkt_Cap:JPM,BABA,BUD,BAC,MSFT|T,AMZN,RDS.A,CMCSA
Price:AFFX,MNKD,AAAP,CPPL,HQCL|VRX,WLL,CXRX
Volume:BAC,CHK,PFE,FCX,CPGX,MSFT,VRX,WLL,GE,INTC
2016-03-21
Mkt_Cap:PM,FCE.B,STZ.B,QVCB,DD-B|KSU-,TAP.A,CHK-D
Price:FCE.B,HL-B,GXP-D,CHK-D,KSU-|QVCB,GZT,BSM
Volume:RIG,SPY,GDX,VRX,BAC,AGRO,NOK,BP,PBR
2016-03-22
Mkt_Cap:AAPL,AMZN,AMGN,TM,RDS.B|RDS.A,HSBC,PTR,LYG
Price:AKRX,VRX,AGIO,GIII,DF|AGRO,INFN,MFRM
Volume:NGD,LNG,BTG,SYRG,FAX,GSAT,NG,TXMD,CEF,IMO
2016-03-23
Mkt_Cap:AMZN,JNJ,V,PTR,GILD|NKE,BABA,CVX
Price:POM,VA,HQY,AYA,INSY|OAS,TCK,CHK
Volume:PTLA,USO,EWZ,SPY,RIO,MT,SDS,UWTI,ERIC
2016-03-24
Mkt_Cap:AMZN,ACN,VZ,IBM,WFC|TM,AAPL,WBK,BRK.B
Price:SPIL,P,ODP,PTLA,CXRX|AM,UTHR,SWHC
Volume:BAC,FCX,F,PFE,MT,CHK,ABEV,ITUB,MRO,WLL
2016-03-28
Mkt_Cap:TM,GE,PBR.A,BRK.B,MSFT|AAPL,PFE,UNP,AMZN
Price:ALDR,FCE.B,ACAD,CIG.C,P|HQCL,NBL,RDUS,ARIA
Volume:BAC,GE,FCX,PFE,VRX,WLL,PBR,P,MU,MRO
2016-03-29
Mkt_Cap:AAPL,MSFT,GOOGL,GOOG,WFC|PTR,BAC,NVS,JPM
Price:HIMX,AYA,CNL,CXRX,SNX|BCOM,MDVN,CHK-D
Volume:RIG,OPK,EEM,SPY,BHP,VXX,BBL,RIO,BP
2016-03-30
Mkt_Cap:AAPL,RDS.A,GOOG,RDS.B,FB|MTU,BA,TM,CELG
Price:LTRPB,IOC,LULU,OPK,EPE|NSR,WMS,VRX
Volume:HSBC,MT,RIO,USO,DB,VXX,BCS,EEM
2016-03-31
Mkt_Cap:DD-A,IBM,CHL,GOOG,XOM|GOOGL,DCM,AAPL
Price:FCE.B,MDVN,SC,FIT,ANAC|NPBC,HQCL,SLW,P
Volume:BAC,PFE,MU,VRX,MRO,GE,F,FCX,EEM,T
2016-04-01
Mkt_Cap:FB,AAPL,BRK.B,REGN,TM|RDS.A,TOT,RDS.B,NVS
Price:FCE.B,GSAT,TERP,ROVI,ENLC|BBRY,ESV,WGP
Volume:BAC,F,SIRI,PFE,FCX,VRX,GE,SPY,FL,VALE
2016-04-04
Mkt_Cap:AAPL,PFE,SNY,AGN,FB|GE,PTR,PBR.A,TM
Price:VA,RKUS,EW,LMCB,BABY|SWHC,BRCD,AWI,CIG.C
Volume:BAC,PFE,FB,GE,F,FCX,TWTR,RKUS,AAPL,BRCD
2016-04-05
Mkt_Cap:PFE,GILD,TSLA,AGN,AAPL|MSFT,PTR,GOOG
Price:ICPT,MRVL,VRX,AGN,AGN-A|CCO,SWN,BXLT
Volume:PFE,BAC,S,VRX,SIRI,TWTR,AGN,BXLT,F,FCX
2016-04-06
Mkt_Cap:PFE,AMZN,NVS,GOOGL,ITUB|BUD,BBD,GE,VLO
Price:MOMO,SRPT,VRX,ANAC,AEL|CREE,UVXY,HOG,VXX
Volume:PFE,VRX,BAC,BXLT,SIRI,FCX,GE,ETE,CHK,SPY
2016-04-07
Mkt_Cap:DCM,NTT,WYNN,AAPL,PTR|VZ,WFC,JPM
Price:RLYP,FCE.B,WYNN,BKE,IONS|TCK,FCX,MMS
Volume:BAC,SIRI,VRX,PFE,FCX,YHOO,FTR,F,GE,SPY
2016-04-08
Mkt_Cap:RDS.A,RDS.B,PTR,ITUB,UA|FB,AGN,LMCB,NKE
Price:GGB,ETE,DEPO,UA,GPS|LMCB,RLYP,ALDR
Volume:BAC,SIRI,PFE,FB,EMC,FCX,AA,GPS,VALE,VRX
2016-04-11
Mkt_Cap:RIO,BBL,RDS.A,BBD,FB|TM,PFE,AGN,NKE
Price:CHK,NUGT,CHK-D,INSY,HTZ|CIG.C,CAR,ENDP
Volume:PFE,BAC,CHK,SIRI,VALE,GDX,AA,VRX,FB,PBR
2016-04-13
Mkt_Cap:JPM,AAPL,PTR,C,MO|RAI,VZ,T,KO
Price:GPRO,SID,JOY,NUGT,EPE|CIE,LTRPB,PDCE
Volume:BAC,CHK,FB,SIRI,FCX,VALE,PBR,AA,MT,WLL
2016-04-14
Mkt_Cap:BUD,BAC,JPM,AMZN,TSM|VALE.P,STX,VALE,ITUB
Price:OIBR,DDD,BBDO,STX,BOFI|SID,GGB,NUGT
Volume:BAC,CHK,VALE,STX,SIRI,PBR,FCX,RF,GDX,VRX
2016-04-15
Mkt_Cap:GOOG,INFY,GOOGL,AMZN,AAPL|PTR,FB,SNP,WFC
Price:EBIX,CNV,AG,SMCI,SSYS|MITL,TERP,UWTI
Volume:ESV,BAC,CHK,AAPL,JAH,RF,NWL,C,PBR,PFE
2016-04-18
Mkt_Cap:MSFT,GOOG,GOOGL,DIS,AMZN|AAPL,LMCK,LMCA,PBR.A,ABEV
Price:CVT,TCK,TEGP,ETE,ENDP|LMCK,LMCA,GGB,VXX,PBR.A
Volume:BAC,ETE,SIRI,AAPL,PBR,FCX,CHK,PFE,WMB,NFLX
2016-04-19
Mkt_Cap:BUD,PTR,WFC,FB,JNJ|GOOG,IBM,GOOGL,ILMN,NFLX
Price:GRAM,AG,HL,NUGT,SDRL|ILMN,NFLX,ANAC,RMBS,MTG
Volume:BAC,FCX,SIRI,ETE,NFLX,QQQ,CHK,SDRL,VALE,PBR
2016-04-20
Mkt_Cap:BAC,RIO,BABA,BBL,JPM|KO,MSFT,PG,PEP,LFC
Price:MANH,VMW,NM-G,LTXB,ADPT|ALR,ALR-B,OMI,HMY,MFS
Volume:BAC,FCX,VALE,INTC,CHK,KO,GDX,PBR,MSFT,PFE
2016-04-21
Mkt_Cap:GOOG,CHL,GOOGL,IBM,UNP|VZ,AAPL,T,ERIC,BUD
Price:CEQP,CXRX,NGL,NOW,VIAB|XON,ERIC,LAD,MLNX,GMT
Volume:BAC,VALE,FCX,SIRI,GE,MSFT,F,CHK,KO,PBR
2016-04-22
Mkt_Cap:MTU,KO,PTR,TM,XOM|MSFT,GOOGL,GOOG,FB,AMZN
Price:AMD,NGL,SWN,GSAT,DNR|HA,HMY,NUGT,SAM,AG
Volume:AMD,MSFT,BAC,SIRI,GE,FCX,VALE,QQQ,FB,PBR
2016-04-25
Mkt_Cap:GOOGL,GOOG,WMT,AMZN,MCD|RDS.B,RDS.A,BBL,PRGO,RIO
Price:ADRO,GCI,FIZZ,GRP.UN,UNFI|PRGO,XRX,AMD,ENDP,DNR
Volume:AMD,BAC,VRX,VALE,FCX,WLL,XRX,MSFT,PBR,CHK
2016-04-26
Mkt_Cap:BP,HSBC,SNP,SAN,RDS.A|GOOGL,GOOG,MSFT,PG,AMZN
Price:KN,TEN,PAG,SANM,MU|B,NBR,NM-G,JD,GLW
Volume:BAC,FCX,AAPL,JD,MU,TWTR,GLW,VALE,AMD,F
2016-04-27
Mkt_Cap:PTR,VZ,RDS.B,RDS.A,T|AAPL,AMZN,MSFT,GOOGL,WBK
Price:WSO.B,DWA,DNR,ETE,CRUS|TWTR,HRB,RHI,BWLD,IIVI
Volume:VXX,F,ABT,SPY,FB,STM,RIO,YNDX,BP,BHP
2016-04-28
Mkt_Cap:FB,STJ,BMY,F,CL|AAPL,GOOGL,GOOG,MSFT,PTR
Price:NAV-D,STJ,CLF,DWA,FCN|GNC,INFN,PRLB,IPGP,LOCK
Volume:F,FB,AAPL,BAC,FCX,CHK,ABT,SIRI,WLL,VALE
2016-04-29
Mkt_Cap:AMZN,BIDU,MNST,FB,ABX|GILD,WMT,AAPL,SNY,INTC
Price:BGS,SCSS,GNW,NUGT,HMSY|GLNG,SRCL,CPHD,MOH,STX
Volume:BAC,FCX,F,AAPL,QQQ,VALE,MSFT,GRPN,AA,GDX
2016-05-02
Mkt_Cap:AMZN,MSFT,DCM,GOOGL,GOOG|BIDU,ITUB,WBK,BBD,SU
Price:GNW,GLPG,FCAU,GSAT,CIR|HAE,UVXY,BRCD,WLL,ROVI
Volume:BAC,F,VRX,AAPL,FCX,FTR,PFE,MSFT,ABX,GDX
2016-05-03
Mkt_Cap:AAPL,PFE,CVS,FIS,DD-B|MSFT,RIO,AMZN,RDS.A,RDS.B
Price:CGNX,FN,TNET,VRX,NSP|BCO,CHK,ECA,CFX,ALNY
Volume:BAC,PFE,VRX,FCX,AAPL,FTR,F,CHK,VALE,QQQ
2016-05-04
Mkt_Cap:GOOG,BBD,ICE,GOOGL,FB|AAPL,GE,PCLN,RDS.A,RDS.B
Price:MTCH,ZG,Z,SFUN,PGND|PIN,CRAY,NUGT,EIGI,NAV-D
Volume:BAC,VRX,VALE,FCX,SIRI,GDX,TWTR,AAPL,MU,GE
2016-05-05
Mkt_Cap:BABA,GOOG,KHC,BUD,GOOGL|AMZN,LB,WFT,ABEV,AAPL
Price:EPE,AAWW,CLR,LPI,ZNGA|WFT,FIT,TNH,CTLT,MATX
Volume:BAC,CHK,WFT,FCX,VALE,PBR,AAPL,GDX,FIT,GE
2016-05-06
Mkt_Cap:GOOGL,AMZN,GOOG,FB,MSFT|PTR,ENDP,TEVA,AGN,CHL
Price:YELP,DV,SNCR,QLGC,CLLS|ENDP,IMPV,SQ,CHK,FEYE
Volume:BAC,CHK,ENDP,FCX,AAPL,VALE,VRX,GDX,JCP,QQQ
2016-05-09
Mkt_Cap:AGN,NVS,BUD,NVO,AMZN|RIO,PTR,RDS.A,BRK.A,BHP
Price:KKD,DEPO,HZNP,MUSA,W|LC,VNET,NUGT,JOY,MOMO
Volume:LC,BAC,VALE,FCX,CHK,PBR,JD,VRX,GDX,MT
2016-05-10
Mkt_Cap:AMZN,MSFT,GOOG,GOOGL,PTR|NOK,BIDU,GPS,HCP,HCN
Price:MKTO,AKRX,VNET,AVXS,MRD|SCTY,PRAA,ZBRA,GPS,LC
Volume:LC,CHK,BAC,NOK,VRX,GDX,AAPL,GPS,VALE,GE
2016-05-11
Mkt_Cap:AMZN,EA,WFC-L,COP,FCX|TM,WMT,DIS,GOOGL,GOOG
Price:WSO.B,ECA,EA,ALB,CIG.C|ODP,FOSL,SPLS,MOMO,M
Volume:SPY,GE,XIV,VXX,QIHU,KANG,AU,BP,HSBC,STM
2016-05-12
Mkt_Cap:TM,MSFT,XOM,MON,T|AAPL,UBS,AGN,RIO,GE
Price:CNV,SITE,BLOX,JACK,BBDO|HIMX,AEG,CYH,SHLD,VNET
Volume:AAPL,BAC,ODP,VRX,LC,FCX,GE,CHK,MU,VALE
2016-05-13
Mkt_Cap:NVDA,AGN,NTES,MON,AAPL|WMT,CHL,BABA,WFC,PTR
Price:GSAT,ACIA,NVDA,CXRX,SHAK|JWN,SID,BITA,CIG,ELP
Volume:BAC,JCP,NVDA,LC,AAPL,FCX,VALE,GE,VRX,PBR
2016-05-16
Mkt_Cap:AAPL,MSFT,PTR,CHL,RDS.A|FB,TWC,CHTR,BBDO,WRK
Price:ANAC,PGH,CACQ,EDIT,GSAT|CIG.C,RRC,ACIA,BITA,GGB
Volume:AAPL,BAC,LC,VRX,FCX,CHK,JCP,FB,NOK,MRD
2016-05-17
Mkt_Cap:BBL,VOD,BHP,C,RIO|MSFT,AMZN,GOOG,GOOGL,KHC
Price:HTZ,TEGP,BIO.B,MOMO,AYA|CIG.C,STCK,WNRL,LC,GRUB
Volume:BAC,FCX,VRX,CHK,LC,TWC,AAPL,ODP,F,SPY
2016-05-08
Mkt_Cap:JPM,BAC,C,AAPL,WFC|WMT,T,PTR,RIO,TGT
Price:ONCE,LC,RARE,MCRB,MTG|NUGT,ATI,VIPS,ACXM,CDE
Volume:ABX,VXX,FCX,SLV,BBL,RIO,HSBC,RIG,DB,STO
2016-05-19
Mkt_Cap:WMT,CSCO,XOM,CRM,KHC|GOOGL,GOOG,MSFT,TM,VZ
Price:AEO,ONCE,URBN,BRC,BIO.B|CIG.C,CMCM,AGIO,CHK-D,NCS
Volume:BAC,CSCO,FCX,PBR,LC,WMT,GE,SPY,VRX,VALE
2016-05-20
Mkt_Cap:GOOG,AAPL,GOOGL,CMCSA,TSM|MCD,PEP,RIO,KO,CVS
Price:IOC,MOG.B,KEYS,AMAT,BETR|CMCM,CHK-D,FL,CPB,DE
Volume:BAC,LKQ,AMAT,FCX,SIRI,CHK,MPW,RAD,GE,PFE
2016-05-23
Mkt_Cap:AAPL,NVS,MON,TSM,DD|MSFT,FB,GOOG,GOOGL,AMZN
Price:AVXS,ACIA,SCTY,NGVT,OLED|KLXI,CSTE,PBR.A,PAGP,BETR
Volume:BBY,SSW,RIO,SPY,BHP,VXX,BP,AZN,GDX,TWTR
2016-05-24
Mkt_Cap:MSFT,GOOG,GOOGL,AAPL,BRK.A|ANTM,ABX,NEM,WFC-L,BBY
Price:NDSN,NOAH,CMCM,CHK,CHK-D|NUGT,DSW,KGC,HMY,TEGP
Volume:BAC,GDX,FCX,CHK,TWTR,SIRI,AAPL,MSFT,AMD,VALE
2016-05-25
Mkt_Cap:AAPL,WFC,PTR,RDS.A,RDS.B|BABA,YHOO,ETE,JD,NKE
Price:CSC,SRPT,WLL,NOMD,DY|DV,ETE,CBL,EXPR,TLN
Volume:BAC,BABA,CHK,FCX,ABEV,HPE,PBR,AAPL,QQQ,ETE
2016-05-26
Mkt_Cap:BABA,FB,AAPL,AMZN,DLTR|BRK.A,C,BRK.B,BAC,DCM
Price:ASX,DLTR,ALNY,SPIL,CPRT|IONS,ANF,PSTG,SIG,PACD
Volume:BAC,AAPL,CHK,FCX,HPQ,USFD,PBR,IONS,BABA,VALE
2016-05-27
Mkt_Cap:GOOGL,BABA,GOOG,MSFT,BIDU|TM,PANW,RDS.B,BBD,BUD
Price:CAL,FEIC,BIG,MKTO,LC|TEX,PANW,NUGT,SID,PVG
Volume:BAC,CCE,BXLT,AJG,AAPL,GDX,AMD,PBR,VRX,LC
2016-05-31
Mkt_Cap:MSFT,AMZN,TM,TTM,LFC|BRK.B,RDS.B,BRK.A,XOM,RDS.A
Price:CPXX,TTM,PHI,GXP-A,FRO|CCE,QLIK,QUNR,CXRX,GXP
Volume:JD,BAC,BRCD,BABA,MU,AAPL,VIPS,CHK,CPXX,MSFT
2016-06-01
Mkt_Cap:BUD,BRK.B,TSM,AGN,CHL|BABA,AAPL,T,VZ,NGG
Price:DWRE,CBRL,ETE,HCM,INSY|ADPT,BABA,SHLD,ITCB,WETF
Volume:BABA,BAC,F,FCX,SIRI,MU,VRX,CHK,PBR,AMD
2016-06-02
Mkt_Cap:JNJ,AMZN,ABBV,MDT,NVS|ORCL,AAPL,XOM,MSFT,GOOGL
Price:JOY,CST,CIEN,GMLP,XLRN|AMWD,BOX,CXRX,SIG,HQCL
Volume:BXLT,WFT,BAC,ORCL,BABA,F,AAPL,AMD,MU,PFE
2016-06-03
Mkt_Cap:AVGO,BBL,PM,RIO,BHP|GOOGL,GOOG,MSFT,BAC,WFC
Price:NUGT,FMSA,TLN,IAG,KGC|FPRX,LC,SFUN,PBYI,ALDR
Volume:BAC,GDX,WFT,VALE,F,C,FCX,ABX,SPY,EEM
2016-06-06
Mkt_Cap:RIO,SLB,PTR,XOM,AAPL|GOOG,GOOGL,ABBV,HD,SSL
Price:FMSA,RIG,ESV,ACAD,NBR|CIG.C,NH,SSL,RGR,SWHC
Volume:BAC,WPX,VALE,FCX,CHK,WFT,EEM,PBR,F,MU
2016-06-07
Mkt_Cap:RDS.B,RDS.A,XOM,CHL,PTR|BIIB,ALXN,FB,JD,BAC
Price:LDRH,NAV-D,NAV,BTE,UNFI|VRX,BIIB,ALXN,CTLT,MIK
Volume:MT,USO,AZN,SHPG,LYG,SDRL,QQQ,ING,GDX,UWTI
2016-06-08
Mkt_Cap:GOOG,GOOGL,RDS.A,RDS.B,PBR.A|ABBV,WFC,CNQ,CTRP,SHPG
Price:SID,AKS,GSAT,PBR.A,PBR|PAY,EDU,SUN,XON,SWN
Volume:BAC,PBR,CHK,VRX,PAY,FCX,WFT,GDX,VALE,RAD
2016-06-09
Mkt_Cap:AAPL,JNJ,VZ,T,NKE|BBL,WFC,BHP,RIO,MSFT
Price:GEF,NVCR,EVHC,SJM,ABM|RH,AGIO,SDRL,VALE,SID
Volume:BAC,CHK,FCX,VRX,VALE,WFT,RH,PBR,AAPL,GE
2016-06-10
Mkt_Cap:WFC-L,WBA,VZ,BBDO,T|BUD,GOOG,GOOGL,FB,PTR
Price:AXLL,HRB,BBDO,VXX,TPC|MFRM,DYN,EPE,WLL,SWN
Volume:BAC,RAD,SIRI,FCX,CHK,AXLL,INTC,QQQ,AAPL,SPY
2016-06-13
Mkt_Cap:LNKD,XOM,WBA,TAP.A,AGN|MSFT,AAPL,FB,CHL,PTR
Price:LNKD,VXX,TRQ,RGR,TAP.A|XIV,FMSA,AXON,BID,HFC
Volume:VXX,SAN,CS,BHP,XIV,HMY,NOK,SPY,GDX,UL
2016-06-14
Mkt_Cap:GE,BABA,FB,PG,AMZN|RDS.B,WFC,NVO,RDS.A,JPM
Price:SCWX,VG,HL-B,MTCH,GEF.B|SYF,MCRB,WGP,ONCE,SC
Volume:BAC,SYF,VXX,XIV,GE,MSFT,TWTR,SIRI,FCX,SPY
2016-06-15
Mkt_Cap:RIO,BUD,TM,AMOV,BBL|BRK.A,INTC,AMZN,BRK.B,AGN
Price:WSO.B,NUGT,CZR,ACIA,BVN|PRGO,CRAY,STRZB,UWTI,SCWX
Volume:BAC,FCX,SIRI,TWTR,GE,XIV,EXAS,GDX,MSFT,CHK
2016-06-16
Mkt_Cap:MSFT,BRK.A,XOM,MRK,BRK.B|GOOG,GOOGL,PTR,QVCB,PXD
Price:EXAS,CENT,CENTA,NUS,SCWX|KFY,CAVM,STRZB,SM,QVCB
Volume:BAC,GE,XIV,SIRI,RF,VXX,GDX,FCX,CHK,SPY
2016-06-17
Mkt_Cap:RDS.B,RDS.A,ORCL,LYG,NVS|GOOGL,GOOG,AAPL,AMZN,MRK
Price:WSO.B,STRZB,UWTI,EPE,SM|SIM,SYNA,PRTA,RARE,ARIA
Volume:BAC,AMD,AAPL,SIRI,GE,CHK,MSFT,KGC,FCX,AUY
2016-06-20
Mkt_Cap:RDS.B,LYG,TM,PTR,BTI|CVS,LVS,LVNTB,AAPL,ETE
Price:TERP,GSAT,MRO,NAV-D,LYG|BBU,LVNTB,OIBR.C,VXX,ACIA
Volume:BAC,GE,AMD,CHK,SIRI,MRO,FCX,MSFT,AAPL,F
2016-06-21
Mkt_Cap:MSFT,RDS.A,BRK.A,BRK.B,RDS.B|CELG,GILD,AGN,LVNTB,BIDU
Price:ETE,COE,IMPV,OSIS,QVCB|IPXL,WERN,GSAT,NUGT,LVNTB
Volume:BAC,S,SIRI,ETE,WMB,F,GE,AMD,AAPL,MRO
2016-06-22
Mkt_Cap:MRK,CELG,BMY,ABT,T|TSLA,ADBE,AMZN,FDX,AAPL
Price:HMY,HL-B,GXP-D,CIG,RH|EBS,TSLA,ATU,AMD,LVNTB
Volume:BAC,SIRI,AMD,FCX,GE,S,QEP,AAPL,GDX,MSFT
2016-06-23
Mkt_Cap:RDS.B,PTR,MSFT,RDS.A,TM|LVNTB,NKE,COST,LUV,GG
Price:TWLO,PLNT,ALRM,SID,QUNR|VXX,CACI,LVNTB,WLL,PPS-A
Volume:BAC,MU,SIRI,WLL,GE,FDC,FCX,AAPL,FBHS,AMD
2016-06-24
Mkt_Cap:GLD,MO,ABX,DD-B,NEM|GOOGL,RDS.B,GOOG,LYG,JPM
Price:VXX,NUGT,BTG,SBGL,GFI|RBS,LYG,AV,BCS,SAN
Volume:BAC,MSFT,SIRI,F,SPY,GE,SAN,MU,AAPL,BCS
2016-06-27
Mkt_Cap:NTT,DCM,T,JNJ,CMCSA|MSFT,FB,BAC,LYG,AAPL
Price:GXP-A.CL,GWPH,GOLD,NTT,SIM|BCS,LYG,GNW,RYAAY,FMSA
Volume:BAC,BCS,SIRI,SPY,GE,VXX,C,F,MSFT,QQQ
2016-06-28
Mkt_Cap:FB,XOM,AAPL,GOOG,AMZN|LVNTB,DD,DOW,TM,ABX
Price:ENDP,ICPT,CIG.C,SWN,FMSA|VXX,TSRO,LVNTB,STRZB,NUGT
Volume:BCS,GDX,VXX,SPY,GLD,RIO,IAU,BBL,HSBC,BP
2016-06-29
Mkt_Cap:MSFT,RDS.B,RDS.A,CHL,XOM|CM,LYG,EQT,HNP,SWN
Price:TSRO,DRII,PVTB,TERP,ARES|SWN,VXX,NH,SDS,AR
Volume:BAC,SWN,SIRI,DRII,AA,MU,AAPL,SPY,NKE,GE
2016-06-30
Mkt_Cap:BUD,GE,BRK.A,BRK.B,AAPL|V,MA,TM,DCM,MTU
Price:HSY,IPHI,WOR,CIG.C,STRZB|PCRX,EPE,HIMX,MTDR,OAS
Volume:BAC,GE,LNT,MU,F,SIRI,SPY,QQQ,AAPL,CHK
2016-07-01
Mkt_Cap:WFC-L,GOOG,AMZN,GOOGL,RDS.B|BRK.B,BAC,WFC,JPM,MU
Price:WSO.B,HOG,NUGT,MAG,BTG|HIMX,MU,TWLO,WMB,NTES
Volume:BAC,MU,SIRI,F,RAD,GDX,VALE,CHK,GE,VRX
2016-07-05
Mkt_Cap:WFC-L,JNJ,STZ.B,DHR,NTT|PTR,JPM,BRK.A,AAPL,BUD
Price:STZ.B,HIMX,MUX,INSY,NUGT|UWTI,AMFW,WLL,EPE,HOG
Volume:BAC,SIRI,LYG,FCX,MU,T,WLL,XIV,GE,CHK
2016-07-06
Mkt_Cap:FB,AMZN,XOM,CELG,MRK|CHL,LYG,BTI,WBA,WFC-L
Price:NTK,VRX,ARLP,TWLO,ADPT|TI,CIG.C,LYG,TI.A,MPC
Volume:BAC,SIRI,VRX,GDX,MU,F,LYG,GE,XIV,RAD
2016-07-07
Mkt_Cap:COST,CMCSA,AAPL,PEP,BABA|T,XOM,VZ,CVX,HUM
Price:AVG,WWAV,MOMO,WB,BMRN|UWTI,FSLR,NUGT,HUM,DEPO
Volume:BAC,SIRI,WWAV,LYG,VRX,PBR,FCX,GE,CHK,ZNGA
2016-07-08
Mkt_Cap:MSFT,GOOGL,GOOG,PTR,WFC|JUNO,BIDU,ABB,BABA,HUM
Price:MITL,CC,PLCM,CAR,BBDO|JUNO,PSMT,KITE,VXX,IRCP
Volume:BAC,PLCM,SIRI,F,GE,GDX,FCX,SPY,C,QQQ
2016-07-11
Mkt_Cap:GOOG,GOOGL,BABA,TM,AMZN|CELG,ABEV,NFLX,DD-A,SLB
Price:GPRO,LCI,ACIA,CIG.C,CIG|STMP,LDOS,AVT,ATHM,NH
Volume:BAC,SIRI,RAD,GE,AA,FCX,F,ZNGA,PBR,TWTR
2016-07-12
Mkt_Cap:PTR,MSFT,CHL,XOM,RDS.B|AMZN,KHC,WMT,DCM,WFC-L
Price:SAGE,STX,DNR,UWTI,SSTK|NUGT,MUX,ABX,AG,FIX
Volume:BAC,SIRI,FCX,LYG,AA,CHK,GE,RAD,MU,GDX
2016-07-13
Mkt_Cap:CHL,BRK.A,BRK.B,MSFT,TM|PTR,FB,AAPL,BABA,AMZN
Price:EVH,TWLO,MRKT,AG,NUGT|UWTI,CIG.C,PRTA,DNR,SAGE
Volume:BAC,VRX,SIRI,FCX,WLL,GE,VALE,LYG,INTC,CHK
2016-07-14
Mkt_Cap:AAPL,PTR,GOOGL,PFE,JPM|BUD,ABBV,DD-B,KHC,HMC
Price:LN,WSO.B,JW.B,CREE,LVNTB|BRCD,ACHC,MNRO,ADPT,JUNO
Volume:BAC,VRX,SIRI,CHK,AAPL,C,GE,KMI,ETE,F
2016-07-15
Mkt_Cap:GE,MTU,BIIB,STZ.B,GILD|WFC,INFY,AMZN,RIO,ABEV
Price:WSO.B,YRD,IONS,ALR,HLF|FMSA,INFY,FOSL,ATHM,QUAD
Volume:BAC,GE,SIRI,RAD,HLF,WFC,MSFT,AAPL,C,CHK
2016-07-18
Mkt_Cap:GOOGL,GOOG,ARMH,FB,AAPL|WFC-L,CVX,MRK,MNST,XOM
Price:ARMH,GRPN,BURL,GME,RH|FOE,SSYS,DDD,HE,YRD
Volume:BAC,S,SIRI,ARMH,AMD,GE,AAPL,MSFT,TWTR,NFLX
2016-07-19
Mkt_Cap:JNJ,FB,VMW,MCD,GOOG|MSFT,RIO,NFLX,PTR,PM
Price:VMW,NM-G,MTG,YRD,DXCM|NFLX,LN,TTS,XON,NH
Volume:BAC,NFLX,MSFT,SIRI,VALE,RF,GE,EMC,MU,RAD
2016-07-20
Mkt_Cap:MSFT,SAP,BABA,NVS,FB|XOM,PG,DIS,ABX,BRK.B
Price:AWH,MDSO,MRVL,CTAS,CHRS|NUGT,MUX,EXPO,AG,HMY
Volume:MSFT,BAC,GDX,CSCO,SIRI,INTC,FCX,CHK,MU,GE
2016-07-21
Mkt_Cap:CHL,QCOM,BIIB,EBAY,RIO|INTC,BRK.A,BRK.B,FB,LUV
Price:RLYP,JOY,PTHN,IMAX,EBAY|LUV,MLNX,FNB,GGG,CHRS
Volume:BAC,CHK,INTC,EBAY,GE,F,AMD,SIRI,RLYP,KMI
2016-07-22
Mkt_Cap:MSFT,T,GOOGL,VOD,VZ|GE,AAPL,PYPL,HON,SYK
Price:PBYI,SAM,SWFT,AMD,PFPT|SKX,OLN,ABAX,ATHN,SWKS
Volume:AMD,CHK,GE,BAC,SWN,PYPL,INTC,SKX,MSFT,SIRI
2016-07-25
Mkt_Cap:S,BBDO,GILD,FB,AZN|XOM,AAPL,RDS.B,GE,BABA
Price:S,BBDO,AMD,EVER,SILC|MDGL,GIII,OPB,NUGT,UWTI
Volume:S,AMD,SIRI,CHK,MU,BAC,GE,YHOO,AAPL,GDX
2016-07-26
Mkt_Cap:TXN,RIO,RDS.B,LLTC,BBL|GILD,MCD,VZ,AAPL,T
Price:EXAS,LLTC,ATI,IPAR,ASTE|RDY,SANM,MDGL,AIRM,CBM
Volume:SIRI,S,AMD,FCX,BAC,AAPL,GILD,TWTR,CHK,VALE
2016-07-27
Mkt_Cap:AAPL,FB,AGN,GOOGL,SAN|BUD,KO,MSFT,XOM,PM
Price:LOGM,WIX,NUGT,USNA,UFS|ALR,ALR-B,GMED,TWTR,AKAM
Volume:BAC,AAPL,TWTR,SIRI,S,FB,CHK,FCX,GDX,AKS
2016-07-28
Mkt_Cap:AAPL,AMZN,AZN,BUD,FB|RDS.B,F,BMY,XOM,LYG
Price:GRPN,WSO.B,GRUB,N,TPX|INFN,GNC,TGI,CNMD,FI
Volume:F,FB,BAC,GRPN,SIRI,WLL,AAPL,MSFT,CHK,MT
2016-07-29
Mkt_Cap:GOOGL,GOOG,MTU,BUD,T|XOM,RDS.B,FB,V,GILD
Price:ININ,DGI,QGEN,BGS,GIMO|SRCL,WDC,WETF,HIG,CAA
Volume:FNFG,KEY,BAC,F,SIRI,GE,CHK,WLL,FB,ABEV
2016-08-02
Mkt_Cap:BIIB,CVS,XOM,SHPG,STZ.B|AAPL,PFE,FB,MTU,AMZN
Price:WSO.B,TREX,AVP,MNK,QUAD|TXRH,IDTI,PHI,YRD,ACCO
Volume:F,SIRI,BAC,FTR,CHK,AMD,WMB,PBR,MSFT,AAPL
2016-08-03
Mkt_Cap:AAPL,HSBC,AIG,JPM,BAC|PFE,AMZN,UN,JNJ,UL
Price:GNW,NSM,DDD,INSY,CSTE|KATE,BRKR,QRVO,TBPH,CZR
Volume:BAC,SIRI,TWTR,CHK,F,PFE,WLL,FIT,VALE,GNW
2016-08-04
Mkt_Cap:FB,TM,AAPL,MSFT,AMZN|MET,FOXA,FOX,RIO,DCM
Price:PCRX,PODD,EXEL,CPA,NGVT|INOV,RLGY,SEAS,HMHC,CCOI
Volume:CHK,SIRI,NOK,FOXA,BAC,F,TWTR,SQ,WLL,PBR.A
2016-08-05
Mkt_Cap:MRK,AAPL,GOOG,GOOGL,JPM|BMY,NVO,QVCA,QVCB,WFC-L
Price:WSO.B,JW.B,MTZ,MELI,SEM|QVCA,QVCB,BMY,SHEN,FEYE
Volume:BAC,SIRI,BMY,MRK,VER,CHK,AAPL,FCX,GDX,PBR.A
2016-08-08
Mkt_Cap:AAPL,XOM,MTU,TM,SLB|NVO,BMY,NTT,PFE,MRK
Price:MFRM,BID,EPE,TGP,MTN|LILAK,LILA,FPRX,AHS,XLRN
Volume:BAC,BMY,SIRI,CHK,F,PBR.A,PFE,FCX,AAPL,MRK
2016-08-09
Mkt_Cap:CHTR,BRK.B,BRK.A,WFC-L,AAPL|TGT,NCLH,RCL,CCL,CUK
Price:VRX,ENDP,IPHI,NVRO,SINA|IPXL,MXL,W,ROG,SAGE
Volume:RYAAY,JD,RDS.B,SPY,RDS.A,WPPGY,UWTI,FCX,FTRPR,X
2016-08-10
Mkt_Cap:BABA,WMT,DD-B,DIS,DCM|XOM,AAPL,BAC,WFC,CHL
Price:COTV,MOG.B,YRD,YELP,RL|MYGN,SPWR,OA,KLAC,NVAX
Volume:BAC,VRX,RAD,CHK,X,JD,AMD,TWTR,BABA,DIS
2016-08-11
Mkt_Cap:BABA,CHL,RDS.B,RDS.A,BRK.A|WBK,SPG,NVO,VRX,GGP
Price:MEDP,M,KSS,UWTI,EAT|VSTO,VRX,DY,FLO,YRD
Volume:CHK,BAC,VRX,BABA,JCP,CLF,M,GE,TWTR,PBR.A
2016-08-12
Mkt_Cap:BABA,XOM,BUD,CHL,JD|MSFT,RIO,WBK,NVS,BBL
Price:ACIA,AVXS,ITRI,DK,PLNT|X,NE,AKS,LTRPB,CUDA
Volume:BABA,BAC,JCP,NVDA,CHK,MT,TWTR,JD,PBR,AMD
2016-08-15
Mkt_Cap:AAPL,LFC,C,V,PBR|BABA,FB,JNJ,AMZN,CRM
Price:YRD,SIM,SVU,HTHT,TWLO|LTRPB,AU,NM-G,MAA,SFUN
Volume:CHK,TWTR,BAC,SIRI,JCP,BABA,MU,VRX,AMD,AAPL
2016-08-16
Mkt_Cap:RDS.B,RDS.A,BAC,TOT,INTC|T,JNJ,CHL,GOOG,VZ
Price:GK,CHK-D,QLYS,CHK,DKS|HAIN,ALRM,ONCE,VRSN,CMCM
Volume:BAC,CHK,SIRI,HBAN,HAIN,AAPL,T,VIPS,BABA,AMD
2016-08-17
Mkt_Cap:BRK.A,BRK.B,TM,FB,GOOGL|LOW,TGT,CSCO,BMY,LFC
Price:URBN,ACIA,VRX,OSIS,NH|CREE,PTLA,CIG.C,CMCM,INSY
Volume:BAC,VRX,CHK,CSCO,SIRI,T,FTR,GDX,EEM,SPLS
2016-08-18
Mkt_Cap:CHL,WMT,XOM,CVX,SLB|T,NTT,GOOGL,GOOG,HD
Price:WSO.B,JW.B,NTAP,CHK-D,DNR|GEO,CXW,PTLA,WUBA,TWLO
Volume:HBAN,CHK,VRX,BAC,SIRI,CSCO,TWTR,CXW,T,AMD
2016-08-19
Mkt_Cap:DE,NKE,AMAT,AAPL,INTC|WMT,XOM,RDS.B,AMZN,RDS.A
Price:GEO,DV,DE,RH,FL|PSTG,AKS,MPEL,NUGT,AG
Volume:AMD,BAC,AMAT,CHK,SIRI,MU,T,CXW,EMC,AAPL
2016-08-22
Mkt_Cap:SYT,MDVN,WFC-L,FB,TM|AAPL,PTR,BABA,RDS.B,PBR
Price:ISIL,MDVN,SYT,ALDR,PBYI|UWTI,COTV,YRD,SID,MRO
Volume:BAC,VRX,SIRI,MDVN,AMD,CHK,AMAT,CSCO,MRO,PFE
2016-08-23
Mkt_Cap:BHP,BBL,BBY,AAPL,CSCO|WMT,CMCSA,CHA,SJM,ABBV
Price:CLVS,BBY,MOMO,DATA,NDSN|SJM,PINC,YRD,TSRO,PVG
Volume:XL,LYG,GDX,FTRPR,QQQ,BP,GLD,FCAU,AU,RIO
2016-08-24
Mkt_Cap:TM,WSO.B,LYG,XOM,WFC|BABA,AAPL,AGN,NVS,AMGN
Price:WSO.B,LCI,SCOR,YIN,FIZZ|YRD,NUGT,FSM,MUX,HL
Volume:BAC,GDX,SIRI,VRX,CHK,FCX,RAD,ABX,AUY,KGC
2016-08-25
Mkt_Cap:LFC,MSFT,CRM,PG,BAC|DG,CVS,WMT,ESRX,AGN
Price:GES,RAX,NOMD,KS,WDAY|DG,SIG,DLTR,SXI,TECD
Volume:BAC,SIRI,F,VRX,ABT,HPQ,MU,STJ,CHK,FCX
2016-08-26
Mkt_Cap:AMZN,FB,BABA,BAC,MDT|AAPL,CHL,TM,VZ,T
Price:EPAY,CYOU,GSAT,ADSK,ACIA|BRCD,GSM,GME,SPLK,ULTA
Volume:BAC,SIRI,EEM,RAX,SPY,GDX,CHK,FCX,VALE,AMD
2016-08-29
Mkt_Cap:WFC,FB,BRK.B,TM,JPM|GILD,TEVA,NTT,LFC,SBUX
Price:TOUR,ATI,CYOU,TCK,SMI|CORE,GFI,CXW,INVA,HQCL
Volume:BAC,SIRI,ABEV,MU,AAPL,GDX,F,CHK,VALE,GE
2016-08-30
Mkt_Cap:WFC,BAC,BABA,MDLZ,BRK.A|AAPL,GOOGL,HSY,BMY,DCM
Price:RBA,POT,MOS,UAL,AGU|GIII,ANF,NUGT,HSY,DSW
Volume:BAC,EMC,POT,SIRI,GDX,CHK,FCX,F,AUY,WFC
2016-08-31
Mkt_Cap:BABA,HSBC,MTU,KHC,SAN|RDS.B,RDS.A,PTR,MSFT,BHP
Price:CIG.C,CHS,VEEV,HIMX,ISIL|NCS,HRB,YRD,UWTI,DDD
Volume:HSBC,FTRPR,ARMH,IAU,BCS,VXX,LYG,AMD,SAN,DB
2016-09-01
Mkt_Cap:WMT,AAPL,CHTR,LVS,HSBC|COST,CRM,WFC,TSLA,MDLZ
Price:OXM,NUGT,HMY,OLLI,CIEN|GCO,YRD,DO,SCTY,GSAT
Volume:BAC,SIRI,GDX,GE,F,TWTR,EMC,PG,ABEV,AUY
2016-09-02
Mkt_Cap:AAPL,PTR,UL,RDS.B,BABA|CUK,CCL,AVGO,LULU,NVO
Price:NUGT,AIR,DNR,SID,MAG|PAY,LULU,AMBA,SWHC,CUK
Volume:BAC,SIRI,GDX,CHK,BMY,AUY,JCI,EEM,EMC,TYC
2016-09-06
Mkt_Cap:BABA,FB,AMZN,GOOGL,GOOG|WFC,LYG,TM,CHL,BAC
Price:NAV-D,CPHD,NAV,JW.B,NUGT|CMI,CMCT,YIN,MTX,NM-G
Volume:EMC,BAC,SIRI,SE,GDX,GE,CHK,F,BABA,CPHD
2016-09-07
Mkt_Cap:FB,AAPL,LFC,V,TSM|BABA,WMT,BRK.A,PTR,CHL
Price:AGIO,GWPH,NAV-D,CVGW,WDC|SFM,HDS,CASY,NGD,AMD
Volume:BAC,SIRI,AMD,AAPL,CHTR,S,CHK,FB,GE,TWTR
2016-09-08
Mkt_Cap:CHL,XOM,LFC,RDS.B,CVX|AAPL,GOOG,GOOGL,NKE,IBM
Price:TPL,CLVS,CHK,UWTI,NE|NAV-D,TSCO,AIRM,SVU,AMD
Volume:CHK,AMD,BAC,RAD,AAPL,S,TWTR,SIRI,MU,WLL
2016-09-09
Mkt_Cap:LFC,DB,DD-A,MET,LMCA|AAPL,AMZN,GOOG,GOOGL,MSFT
Price:LXRX,VXX,FNSR,TGP,CVRR|NUGT,NAV-D,CPG,MOMO,TPL
Volume:AMD,BAC,SPY,CHK,SIRI,QQQ,GDX,AAPL,GE,EEM
2016-09-13
Mkt_Cap:AAPL,LMCA,PYPL,AVGO,CCL|XOM,WFC,BRK.A,GOOGL,BRK.B
Price:LMCA,LMCK,VXX,ISIL,LAD|HK,GSAT,NUGT,DYN,GGB
Volume:BAC,CHK,SIRI,AAPL,WFC,ISIL,F,EEM,FCX,AMD
2016-09-14
Mkt_Cap:AAPL,BABA,CHL,GOOG,BBL|XOM,BIP,WFC-L,TM,RDS.B
Price:SRPT,NAV-D,AVXS,BLUE,GIMO|BIP,QVCB,UWTI,CBRL,TGI
Volume:SPY,AAPL,UWTI,QQQ,LOGI,VXX,STM,BP,FTRPR,AMD
2016-09-15
Mkt_Cap:AAPL,GOOGL,MSFT,GOOG,BABA|WFC-L,WFC,MON,VFC,SNY
Price:NH,TAP.A,BLUE,XRS,SGYP|SRPT,PAH,APOG,DISCB,RPT-D
Volume:AAPL,BAC,WFC,F,SIRI,AMD,FCX,CHK,QQQ,GE
2016-09-16
Mkt_Cap:INTC,AMZN,UNH,FB,WMT|ORCL,TM,XOM,BRK.B,AAPL
Price:CVRR,CYH,DEPO,FIX,HALO|DB,BSM,SKYW,OR,VIP
Volume:VIP,BTG,BAC,AAPL,INTC,HL,GE,SIRI,FTR,WFC
2016-09-19
Mkt_Cap:TSM,WFC,LFC,WFC-L,HSBC|AAPL,BABA,VZ,DD-B,XLF
Price:SRPT,TECD,BLOX,GSM,GLPG|XLF,CVRR,CYH,CHK,NH
Volume:CHK,BAC,SIRI,SRPT,AAPL,F,AMD,GPRO,BLOX,WFC
2016-09-20
Mkt_Cap:GOOG,GILD,NVS,GOOGL,WFC|XOM,BABA,AGN,RDS.B,S
Price:SRPT,AERI,CLVS,PBYI,ICPT|ASNA,HNI,SBGI,MLHR,CVRR
Volume:NOK,PBR,SPY,QQQ,GDX,VXX,AU,NUGT,EWJ,UWTI
2016-09-21
Mkt_Cap:BABA,MSFT,MTU,TM,PTR|WFC,DD-B,PG,SNY,NFLX
Price:CZR,NUGT,BITA,HMY,PVG|SFLY,CIG.C,PCRX,SKX,VXX
Volume:BAC,WFC,GDX,PG,SIRI,ECA,FTR,CHK,AAPL,SPY
2016-09-22
Mkt_Cap:BABA,GOOG,GOOGL,AMZN,AAPL|HSBC,NVO,TCK,PFE,PTR
Price:CZR,SCS,VIPS,SRPT,BCC|AXON,FUL,TCK,HMY,JBL
Volume:FB,USO,HSBC,TWTR,UWTI,SPY,RDS.A,FTRPR,BP,MT
2016-09-23
Mkt_Cap:TWTR,T,QVCB,VZ,JD|AAPL,FB,TM,BABA,BRK.A
Price:TWTR,IMPV,ENDP,SC,KCG|HMHC,OSK,UWTI,WPX,NUGT
Volume:TWTR,AMD,AAPL,BAC,PG,SIRI,YHOO,WLL,CHK,GDX
2016-09-26
Mkt_Cap:BUD,QVCB,AAPL,DCM,TWTR|GOOG,GOOGL,JPM,BABA,BAC
Price:GWPH,CHMT,IRCP,UWTI,QVCB|HIMX,ACOR,ACIA,BABY,SWHC
Volume:FTRPR,SPY,CUK,QQQ,VXX,HSBC,GOLD,TWTR,GLD,DB
2016-09-27
Mkt_Cap:MSFT,AMZN,BABA,GOOG,GOOGL|GILD,RDS.A,RDS.B,AMGN,NVO
Price:YRD,JUNO,TAP.A,SNX,KITE|CZR,LGND,BTG,HTZ,CAR
Volume:CHK,BAC,TWTR,PG,RRD,AMD,F,MSFT,WLL,GE
2016-09-29
Mkt_Cap:QCOM,NXPI,RDS.A,ACN,RDS.B|AAPL,BABA,JNJ,NVS,GOOGL
Price:NXPI,MIME,SPN,SM,SDRL|TTD,FIT,CHK,GOGO,ACIU
Volume:CHK,BAC,PG,WLL,DB,ECA,SIRI,WFC,WFT,QCOM
2016-09-30
Mkt_Cap:BAC,AAPL,WMT,C,AMZN|CTSH,CHL,KEP,NTT,TEF
Price:NTNX,DB,LXK,EBS,ARRY|OPHT,CTSH,ARES,TWLO,SDRL
Volume:PG.WD,BAC,CHK,DB,COTY*,WFC,CTSH,AMD,SIRI,AAPL
2016-10-03
Mkt_Cap:PBR.A,ITUB,PBR,RDS.B,CHL|BUD,GOOG,PG,AAPL,GOOGL
Price:RRD,NTNX,CAB,JNS,CATM|TASR,KBR,TTD,SDRL,FGP
Volume:DB,MT,EEM,RIO,VXX,FTRPR,QQQ,SLV,LYG,GLD
2016-10-04
Mkt_Cap:CBB,GOOG,AAPL,C,JPM|T,XOM,ABEV,VZ,CVX
Price:CBB,ENH,SDRL,TMH,MOMO|NUGT,NTNX,KGC,AUY,PVG
Volume:ENH,MU,TWTR,SPY,GDX,NUGT,USO,ABX,GLD,IAU
2016-10-05
Mkt_Cap:AA,PTR,WFC,AMZN,CHL|AOS,BTI,CRM,UL,DD-A
Price:AA,KBR,ACIA,ERF,YRD|AOS,AZZ,GIMO,TRNO,CRM
Volume:TWTR,FTRPR,GLD,NOK,ABB,EEM,VXX,SAN,HSBC,VOD
2016-10-06
Mkt_Cap:PTR,AAPL,HD,PBR,LFC|WMT,TWTR,BUD,ALNY,AXP
Price:ICUI,NAV-D,CACQ,FGP,SATS|ALNY,TWTR,BKE,PBYI,NUGT
Volume:LYG,RBS,NOK,SPY,MT,SLV,RDS.B,RDS.A,BBL,FTRPR
2016-10-07
Mkt_Cap:TAP.A,PG,TSM,NEE,BRK.B|HON,PTR,LYG,BABA,TSN
Price:GPS,TAP.A,CHRS,ARRS,FTR|CUZ,CLVS,PKY,COUP,TSN
Volume:BAC,COTY,FTR,CHK,SIRI,TWTR,GE,FCX,AMD,VALE
2016-10-10
Mkt_Cap:AAPL,GOOGL,GOOG,XOM,BABA|BMY,PG,WMT,GE,TWTR
Price:TSRO,FANG,MOMO,CLVS,SDRL|CUZ,TWLO,MYGN,TWTR,BMY
Volume:TWTR,BMY,BAC,AAPL,GE,SIRI,VALE,COTY,CHK,WLL
2016-10-11
Mkt_Cap:DD-A,AAPL,BUD,KR,DCM|CHL,BABA,ILMN,MSFT,JNJ
Price:LPLA,AYA,VXX,BAK,DD-A|ILMN,CUZ,AA,AAN,LITE
Volume:BAC,AAPL,TWTR,SIRI,CHK,F,MU,SPY,AA,AMD
2016-10-12
Mkt_Cap:SAN,COP,PNC,EXR,BBDO|QVCB,CUZ,AMOV,LVNTB,HCN
Price:NAV-D,GRP.UN,GRT-H,DFT,EXR|CUZ,QVCB,STRZB,ALX,FCE.B
Volume:ERIC,LYG,SPY,NOK,RBS,MSFT,GDX,QQQ,HON,MMM
2016-10-13
Mkt_Cap:PBR.A,DD-A,WMT,MRK,PBR|GOOG,GOOGL,UL,BRK.B,BRK.A
Price:ULTA,THC,NTNX,ACIA,NUGT|CUZ,IRCP,CUB,VAC,MELI
Volume:BAC,VALE,CHK,FCX,WFC,SIRI,F,AAPL,ERIC,GDX
2016-10-14
Mkt_Cap:MSFT,AAPL,BRK.A,WMT,CRM|AMZN,INFY,AGN,JNJ,AMGN
Price:MOG.B,YRD,DK,GMLP,IMAX|CUZ,ARIA,BLUE,MKC.V,TBPH
Volume:BAC,TWTR,AMD,CHK,RAD,WFC,SIRI,AAPL,S,GDX
